topic0,topic1,topic2,topic3,topic4,topic5,topic6,topic7,topic8,topic9,topic10,topic11,topic12,topic13,topic14,topic15,topic16,topic17,topic18,topic19,topic20,topic21,topic22,topic23,topic24,topic25,topic26,topic27,topic28,topic29
nba,peas,episode,venezuela,coffee,podcast,risk,dolphins,week,twitter,listen,air,judicial,escape,cup,christmas,cast,print,vaporizer,bugs,vanilla,tide,nicotine,trump,spotify,trans,two,targeting,democracia,new
relx,two,episodes,ms,ebay,podcasts,investment,taiji,tomorrow,tweet,listening,case,jueces,space,arsenal,merry,casting,products,vape,eat,flavor,challenge,juul,peas,apple,mujeres,pedos,missile,democracy,trailer
like,pea,show,psoe,capsule,listen,project,whales,tonight,instagram,lol,pro,police,solar,world,santa,start,shirt,disposable,live,cocoa,eaters,ecig,two,vol,mujer,twins,rocket,presidente,afternoon
juul,like,new,brasil,cup,new,money,cove,monday,elon,listened,apple,justicia,landing,chelsea,holiday,mimics,printondemand,vapes,nothing,nutella,eating,smoking,desantis,google,women,poc,laser,poder,alert
elfbar,seed,week,cuba,reusable,episode,community,hunters,drop,followers,music,max,juez,earth,soccer,xmas,blah,demand,ecig,eating,elfbar,addict,smoke,obama,applepodcasts,hombres,pricks,rockets,gobierno,update
pmc,seeds,listen,buenos,via,radio,platform,dolphin,tuesday,tweeting,watch,headphones,delito,alien,rugby,year,listening,sell,nicotine,wear,chocolate,yacht,cigarettes,mccarthy,music,black,clones,ukrainian,divisin,launch
new,three,back,historia,filter,check,podium,whale,next,posting,breeders,iphone,leyes,boxx,city,happy,followers,onlinebusiness,warning,happy,cookies,poisonings,smokers,classified,youtube,became,animus,reconnaissance,golpe,coming
amp,bean,join,gracias,refillable,top,investors,orcas,alpha,linkedin,boys,pros,tribunal,kryptonian,england,cookies,naturist,create,vapelife,ants,ice,coast,users,republicans,tommyfury,people,dumber,sqn,sistema,tomorrow
tap,beans,next,pedro,keurig,host,prices,bottlenose,weekly,tweets,dont,ear,ley,naggarok,messi,amp,brandi,custom,wax,wapo,grape,locked,use,biden,podcasts,transgender,eggs,mounted,facultades,podcast
love,plant,special,argentina,nespresso,youtube,investing,orca,dropping,deleted,loud,phone,corte,anteverse,leeds,ebenezer,anticipating,ecommercebusiness,vapesociety,vill,cake,grown,vaping,document,fm,queers,pees,ukraine,estn,tradedeadline
