topic0,topic1,topic2,topic3,topic4,topic5,topic6,topic7,topic8,topic9,topic10,topic11,topic12,topic13,topic14,topic15,topic16,topic17,topic18,topic19,topic20,topic21,topic22,topic23,topic24,topic25,topic26,topic27,topic28,topic29,topic30,topic31,topic32,topic33,topic34,topic35,topic36,topic37,topic38,topic39,topic40,topic41,topic42,topic43,topic44,topic45,topic46,topic47,topic48,topic49,topic50,topic51,topic52,topic53,topic54,topic55,topic56,topic57,topic58,topic59,topic60,topic61,topic62,topic63,topic64,topic65,topic66,topic67,topic68,topic69,topic70,topic71,topic72,topic73,topic74,topic75,topic76,topic77,topic78,topic79,topic80,topic81,topic82,topic83,topic84,topic85,topic86,topic87,topic88,topic89,topic90,topic91,topic92,topic93,topic94,topic95,topic96,topic97,topic98,topic99,topic100,topic101,topic102,topic103,topic104,topic105
hes,weed,girl,nicotine,team,except,public,chimney,blunt,joint,vape,smell,kids,new,oil,vivid,show,morning,cannabis,cigar,cancer,mango,pipe,hit,eye,ebay,work,maniac,baby,bowl,wait,session,quit,car,cherry,video,gun,ready,bathroom,dog,people,gym,died,kt22,stroke,love,pain,another,ion,signals,cbd,breaks,lungs,eat,anime,dragon,pulmones,fetish,ban,relx,fraud,blue,detector,ready,second,watch,time,coffee,h4,candle,boat,flavor,mom,sold,meth,airborne,shower,pregnant,balcony,break,maryjane,forbidden,mask,doctors,eddying70,dreams,sex,cat,boy,birthday,capitol,aromatic94,appetite,charging,anxiety,warning,feelings,stars,wish,carcinogen,toxic,continued,hate,many,clears,court
smoke,smoke,shes,vaping,arsenal,never,free,air,forget,joints,pen,smells,children,buy,meat,clouds,tour,happy,marijuana,cigars,lung,strawberry,put,hitting,eyes,led,job,moloch,girl,super,cant,sessions,vaping,vehicle,vox2,videos,israeli,eels,toilet,doggy,cigarettes,workout,car,pdp,subscribe,fume,away,one,even,signal,rba,speaker,cough,food,characters,snake,oxygen,findom,california,vapefam,fortune,spa,ny,pack,hand,bmf,fuente,iced,h3,candles,river,flavored,mother,clip,crystal,covid,bath,babies,resort,chainsawman,cannabisculture,taxis,masks,hospitals,thoughtfully,dream,nsfwtwt,cats,brother,happy,building,toward,ansiedad,charger,social,nicotine,away,moon,could,classified,poison,father,always,day,till,seek
vape,rt,said,smoking,teams,missing,illegal,chimneys,wanna,derby,pens,smelling,school,vape,point,3d,married,saturday,drugs,cuban,risk,sabor,stick,vape,c99,hzrdus,break,phyno,top,another,til,facetime,quitting,brakes,drawing,full,shooting,brits,school,unleash,mx937,treadmill,lost,bm10,amp,sighs,heal,twins,nomo,send,token,stopped,asthma,breakfast,character,lizard,luego,paypig,flavor,vapelove,manipulation,purple,rd,parsons,secondhand,go,launch,cup,h122,wicks,hung,flavour,aunt,another,jags,sars,tub,pregnancy,wall,genshinimpact,cannabiscommunity,taxi,wearing,doctor,h80,wildest,3dape,jk18,kid,celebrate,capital,cloud,suppressant,charge,anxious,contain,roll,w77,indoors,known,contagion,nft,hated,blunts,clear,esg
dont,grass,doesnt,cigarettes,argentina,tasted,smoking,cloud,blunts,roller,thought,perfume,parents,bought,sausage,qq,stage,enjoy,legal,inhale,tobacco,ice,robot,hard,vision,avs,breaks,phrases,nigga,pack,waiting,service,setbacks,driving,electric,fake,atgm,religious,restroom,dogs,think,working,vape,blowin,bros,made,ease,roll,wanna,sending,awards,bicycles,condition,eating,tsrvn,zagreus,asthmatic,finsub,flavored,caliburn,tax,censer,cooking,arnot,cake,cuddle,prep,dozen,h80,light,lower,vape,grandma,item,successful,cov,hot,born,similar,quick,sativa,drivers,respirator,patient,whose,remember,cuddly,doja,wetin,th,speaker,blowing,emocional,charged,calm,sales,blunt,fortpeatbeloved,advil,secondhand,pollutants,aahis,people,joints,unpacking,justice
im,successful,show,tobacco,squad,remember,bill,columns,need,lace,witnessed,like,child,send,chicken,3c,scene,day,drug,cubans,secondhand,cherry,draco,intrusive,gets,ventshade,working,ralph,girllll,dabs,gm,atl,im,truck,m1,fuck,defensive,rats,dropped,see,reason,lazy,left,h122,nut,raised,medication,soul,swishers,bridgers,giveaway,picanha,respiratory,eggs,blank,toad,agua,custom,products,vapetime,billion,produces,beach,addt,harmful,khalen,anniversarios,cafe,h8,wick,sun,mint,woman,mvsales,detergent,virus,rub,birth,cold,anime,highlife,inside,n95,medical,salt,extremely,cnc,amateurgayporn,smelt,youuuuuuuu,representatives,said,ways,computer,felt,disposable,shii,journey,rifa,kills,gas,qmc8his,pitchforks,packs,amc,criminal
see,dont,smoke,harm,fans,true,tobacco,thick,truth,two,dmt,olfactory,schools,need,cake,apposite,tense,friday,consume,days,causing,flavor,pig,almost,shadows,driver,chores,killa,sex,bowls,cannot,join,regret,engine,bm10,helpers,strip,theyre,paper,pup,themself,workouts,ran,permutation,together,munawar,drugs,joe,vent,internet,dex,scissors,anyway,bitter,thesmokeroom,scorpions,air,send,vapes,uwell,goes,sunshine,westhampton,mittens,affect,dragrace,smokeemifyagotem,caffeine,round,dahlia,every,flavoured,sister,vid,unprofessional,linger,rubs,moms,outside,themagnusarchives,weedporn,bus,wear,patients,works,night,psrba,mayatten,lnaoooooooo,happiest,white,well,addiction,phone,dissociate,yrs,problems,reach,withh,human,chemical,nvavhj3,angers,stacked,tufton,action
rt,high,got,smokers,league,mouth,banff,upward,rolled,skates,vapers,odor,wrong,store,sauce,105,filming,hope,cannacoin,mouth,exposure,salt,shove,scared,look,lights,cake,poop,wanna,meant,imma,turned,illness,driver,valorant,aerobic,attacks,raised,jumbo,matador,unvaxxed,stretch,crying,projection,rt,priyanka,feel,butthurt,nomore,read,genesis,genx,inadvisable,tasting,comic,turtles,breathe,content,vaping,uwelltech,stock,produce,wading,char,exposure,ethel,disturbance,dab,fast,blown,horizon,cola,older,sell,twitchy,air,fresh,exposed,shenyang,bnha,hightimes,buses,covid,rooms,ag,daydreaming,giveaw,phuket,pinchi,badu,bill,wfwell,dieta,usb,holistic,vapemurah,shit,star,adderall,second,rogerss,gardener,probation,crates,ao1,mr
cant,everyday,fight,quit,victory,anything,bans,whirling,take,hockey,merchant,hair,front,money,cooking,3a,audience,good,law,lounge,cause,vape,adam,times,hate,auto,lunch,care,gettin,something,da,dm,jobs,whir,ct,induction,syria,pressure,bathrooms,beaver,losers,rolling,broke,disappears,session,spread,take,multiples,forth,mistsignal,pool,spitting,buddydaddies,ima,room,grabbing,pulmn,humanatm,banning,relxthailand,money,waves,cams,stamford,biomarkers,chapters,effectively,dyan,mx937,using,receding,sol,took,aria,rgrohd,viruses,feet,fetus,pepping,clancys,cbd,transit,filter,vv,close,knig,3dapes,annoucing,seshego,woth,storm,towardnft,spoonful,vape,ashwagandha,vapesociety,longs,loved,knocked,hand,toupees,wolf,zayn,hideous,funneled,asses
come,get,cigarette,products,nfl,nunca,sidewalks,seen,finna,waxed,keeper,basil,smoking,buying,salmon,2169,watch,puff,inu,immutablex,contains,blueberry,milk,choking,evenings,shield,nerves,meds,make,uncover,ill,available,hard,drivers,cm4,bio,axiom,squirrel,vaping,bulldogs,benefits,less,forgot,blowing,336freaks,exploding,quantity,funnnn,net,caster,ijoy,wex,recrystallises,edibles,plush,named,osea,dance,banned,vapedaily,hindenburg,wade,rocky,monthy,dangerous,fortresses,mycigarstash,footslave,h69,waxed,distant,ngl,outside,mastered,conservatives,moves,relax,problems,overlooking,tma,weedstagram,nj,pollution,studies,drake,caliburncrownm,sexual,vance,gtfoh,wres,legally,dota2,preservation,morty,libido,vapefamily,sting,died,effort,sm,familiariz,ts,splif,prior,hopeful,signal
fuck,im,came,youth,pick,neither,ban,burning,badly,laces,new,cigarette,students,price,tasty,howyiss,shannon,weekend,legalization,atacms,smoking,fruit,pipes,smash,hangs,hood,hour,oh,mommy,oreo,weekend,links,juul,diesel,sakura,mods,muzzle,ludicrous,tj0922a,chase,smokers,miles,fell,victory,alphacockworship,shakespeare,nby,twosome,bitch,tweeps,ecigclick,fuunn,edibl,bother,ara,cold,sucktion,smoking,fda,vapelife,yield,colors,nest,clarkson,effects,cain,fuenteeveryday,gaba,w77,ear,ship,tastes,amara,angie,offend,lingers,lf,shitty,coital,captures,dabs,driver,breathing,worked,times,sweats,intimacy,mythical,thsts,tased,gop,rvv2well,edtwts,newfangled,lowered,vapestore,stillness,monocycle,boo,ourself,var,nfts,hating,mom,begun,system
