topic0,topic1,topic2,topic3,topic4,topic5,topic6,topic7,topic8,topic9,topic10,topic11,topic12,topic13,topic14,topic15,topic16,topic17,topic18,topic19,topic20,topic21,topic22,topic23,topic24,topic25,topic26,topic27,topic28,topic29,topic30,topic31,topic32,topic33,topic34,topic35,topic36,topic37,topic38,topic39
vapor,bill,cbd,cbd,thco,arrested,oil,cannafarm,vapor,industry,products,colombia,canister,weed,gummies,children,lungs,germany,fda,agua,comer,open,brain,cape,cannabinoids,flower,web3,_bath_and_body_onass_noon_promo_non_toyou_to_you_coupon_sivvi_namshi_code_ounas_discount_ounass,alcohol,win,delivery,god,heroina,skin,pretoria,budda,life,cannabinoid,autism,insomnio
rt,legalization,medicinal,cbdc,thch,police,oils,cannabisindustry,trail,company,shopify,argentina,fuel,og,gummy,school,lung,eu,congress,aviones,taquitos,opens,dopamine,town,cannabidiol,flowers,blockchain,noon_promo_non_toyou_to_you_coupon_sivvi_namshi_code_ounas_discount_ounass,safer,giveaway,free,gods,etc,skincare,safe,weed,jesus,delta,bipolar,dormir
delta,legalize,medicine,extraction,crd,seized,cbd,cannabisnews,wave,companies,cbd,uruguay,ebay,weedsmokers,cbd,accidentally,vaping,european,regulate,condensacin,carne,dispensary,cerebral,china,system,ring,app,_ounass_noon_promo_non_toyou_to_you_ounas_coupon_sivvi_namshi_code_onas_discount_onass_,much,sports,within,jewish,drugs,care,enforcement,marijuana,cambiado,cbdoil,schizophrenia,oil
cannabis,cannabis,study,rt,hhcp,man,massage,legalizeit,workstation,expertos,tampa,chile,solenoid,telegram,bears,students,humo,adult,regulating,vapor,vapor,opening,cognitive,cbd,effects,weedmob,mobile,opinion,less,enter,kshs,heal,regardless,lotion,str,cannabiscommunity,vivo,tincture,psychosis,estrs
coubre,legal,treatment,clothes,cbn,ndlea,aceite,latest,laravel,cannabis,buy,uso,911,merch,edibles,edibles,study,german,supplements,nubes,quiero,first,cause,yoh,cannabinoid,thca,weekly,vaporno,risks,ppv,books,bible,arguing,body,knowing,cannabisculture,christ,thc,marijuana,aceite
cotopaxi,legalized,thc,helps,hhco,farm,try,cannabiscommunity,wax,investing,store,personas,valve,weedmob,infused,middle,smoking,legalization,regulations,geoingenieria,pan,store,agudos,rupert,thc,flores,worlds,vapor,sick,allocation,254700281774,neat,loser,amp,commissioner,thc,death,derived,sexy,ansiedad
cbd,marijuana,effects,stones,cbg,worth,cbdoil,cannabis,came,msos,brands,legalizacin,vapor,weedmemes,natural,overdose,cigarette,europe,food,knorr,patatas,raekwon,functions,harare,egfr,coco,commerce,scalding,dangerous,ecosystem,0721530100,lord,boomers,beauty,armed,weedcommunity,appears,hemp,everybody,relajacin
gases,states,efectos,know,cbd,two,essential,news,trap,sector,code,medicinal,replaces,420,enhancement,kids,tabaco,towards,says,gh2022,prefiero,newark,psicoactivos,worthy,psychoactive,twisted,collection,incorporeal,people,fights,deliveries,spiritual,hard,natural,hidden,pot,verdad,cbg,yanukovitch,migraine
emisin,federal,disease,presents,1ml,marijuana,thc,mmemberville,trails,invest,online,reprocann,compatible,stonerfam,male,treated,estudio,plan,safety,giuseppe,papas,illinois,perjudica,walking,pubmed,bouquet,content,certa,criminal,retweet,getframedke,consciousness,cocaina,products,cops,cannamigos,vapor,raw,agressive,empec
gummies,state,rt,cbg,thcb,arrests,pepper,mdicas,mongodb,market,hemp,marihuana,purge,thaicannabis,300mg,edible,nicotina,alemania,foods,sueltan,tacos,distribution,dficits,bay,hemp,biscotti,cannafarms,fbc7556,directly,ticket,selling,everyone,hombres,cbd,cbd,cannabismemes,repent,neutractiv,sobchak,relief
