Name,Date,Location,#likes,#comments,caption,hashtags,tagged-users
2019-09-10_21-42-16_UTC,2019-09-10 16:42:16,,906,97,"üö≠ Alerta muito S√âRIO!!!
‚ÄúOs cigarros eletr√¥nicos, tamb√©m conhecidos como e-cigarro, vape ou juul, est√£o na moda no mundo inteiro. Pessoas que querem parar de fumar, ou que nunca fumaram ‚Äì como os nossos jovens adolescentes contempor√¢neos ‚Äì encontraram nos e-cigarros uma fonte de prazer e por isso seu uso tem aumentado progressivamente. Parece que est√° havendo um certo glamour em acender; ou melhor, em ‚Äúligar‚Äù um vape ou um juul.
‚ö†Ô∏è Muito cuidado, por√©m! O CDC (Center for Disease Control) e o FDA ( Food and Drug Administration) dos Estados Unidos, fizeram um alerta grave: os cigarros eletr√¥nicos podem ser respons√°veis por uma doen√ßa pulmonar que pode levar √† insufici√™ncia respirat√≥ria e eventualmente √≥bito. At√© o dia 30 de agosto, foram notificados 354 casos sendo 5 √≥bitos üòµem 29 estados americanos.
‚ùìN√£o se sabe ainda a causa exata desta doen√ßa pulmonar.
üö¨ Acreditam que os l√≠quidos que veiculam as drogas inaladas √© que podem, de alguma forma, estar causando a doen√ßa respirat√≥ria. Para lembrar, o cigarro eletr√¥nico possui, em seu corpo, um aparelho vaporizador que contem nicotina, THC ou aromatizantes ‚Äì por exemplo ‚Äì e um ve√≠culo l√≠quido, que pode ser o propilenoglicol. Quando acionado, o l√≠quido √© evaporado e inalado junto com a subst√¢ncia principal. Este l√≠quido que est√° em estudo, posto que sua fabrica√ß√£o pode variar de local para local, de fornecedor para fornecedor e ser duvidosa em rela√ß√£o √† seguran√ßa de seus componentes.
üîé Estudos realizados nos Estados Unidos com os cartuchos utilizados nos e-cigarros demonstraram que em muitos deles, de variadas marcas diferentes, havia subst√¢ncias n√£o especificadas, POTENCIALMENTE T√ìXICAS ou CANCER√çGENAS e com concentra√ß√µes duvidosas, que poderiam ser delet√©rias para a sa√∫de das pessoas.
üö´A comercializa√ß√£o dos cigarros eletr√¥nicos est√° proibida aqui no Brasil pela Anvisa (Ag√™ncia Nacional de Vigil√¢ncia Sanit√°ria). üòµ Siga as recomenda√ß√µes do CDC e da FDS e d√™ um tempo nos cigarros eletr√¥nicos at√© que os estudos esclare√ßam a causa desta grave doen√ßa pulmonar!!! .
Fonte: G1 Globo
.
#cigarroeletronico #vape #juul #ecigar #ecigarro #cigaretteelectronique #doen√ßapulmonargrave","['#cigarroeletronico', '#vape', '#juul', '#ecigar', '#ecigarro', '#cigaretteelectronique', '#doen√ßapulmonargrave']",[]
2020-03-09_15-24-20_UTC,2020-03-09 10:24:20,"Arles, France",504,4,"Self remix 
#dogcloud #dogincloud #clouddog #ecigarette #ecigar #vape #vapetricks #lesrageuxdirontphotoshop #robinlopvet","['#dogcloud', '#dogincloud', '#clouddog', '#ecigarette', '#ecigar', '#vape', '#vapetricks', '#lesrageuxdirontphotoshop', '#robinlopvet']",[]
2022-11-12_12-28-40_UTC,2022-11-12 06:28:40,,17,0,"Adra.¬†@julianabarbosaprevitalli¬†anabarbosa, idealizadora do projeto Paradas pro Sucesso e sua assessora de comunica√ß√£o e grande amiga,¬†@juju_rosada¬†na Abertura da 2¬∫ Mostra Cultural Paradas Pro Sucesso, diante do enorme painel back drop cedido por um dos apoiadores, a Gr√°fica Michelin¬†@graficamichelin

#tabagismotemcura¬†#tabagismo#felizsemtabaco¬†#cigarronao¬†#cigarroeletr√¥nico¬†#ecigar¬†#vaper¬†#vaping¬†#narguil√©¬†#doencascardiovasculares¬†#cardiolog
#paradasprosucesso¬†#campanhaantitabagismo¬†#tabagismotemcura¬†#tabagismo#felizsemtabaco¬†#cigarronao¬†#cigarroeletr√¥nico¬†#ecigar¬†#vaper¬†#vaping¬†#narguil√©¬†#doencascardiovasculares¬†#cardiologia

@julianabarbosaprevitalli
@juju_rosada
@insta.act
@socesp¬†@incavoluntario¬†@sbc.cardiol¬†@hcoroficial¬†@coracao.sbc¬†@incorhcfmusp¬†@aterosclerose_departamentosbc¬†@pareidefumarvireiatleta¬†@drasandra.marques¬†@cetab_fiocruz¬†@cienciausp¬†@nataliapasternaktascher
@ciebcia_hoje¬†@cienciasuja¬†@pneumosbpt¬†@ojoioeotrigo¬†@poiatorecicla
@rafael.camposlopes
@adriana_artuso
@musical.wave
@momentomusical
@ivetecunhamachado
@hcrestana
@pianistagislaineviccino
@ceciliabellato_
@aninhabarrosoficial
@camilarovina
@cintya_soares
@deia.almeida0106
@elaine_teotonio
@foizer.ana
@denilibardi
@jorgelodeator
@patriciaribeiro
@luisfernandofischerdutra
@ma_dabronzo
@ricardomagalhaesofc
@viniciuspolezer
@visuartpiracicaba
@lucianogutierrez34
@janinhapsil
@cezarelbert
@marciosartorio
@emporioproducoesculturais
@rotrevisan
@legalotiniel
@glaucepachane
@fica_vai_te_bol¬†vco
@drika_si
@dr.ulisseslimagomes
@wananarval
@‚Å®carlosandre donzelli‚Å©
@karinemianodias
@jefferson.sanches.12
@claudio_lysias
@palmiro_romani
@dr.arthurcardoso
@lorenzomanfio
@likeafray
@beatrizlvf
@studiocanvasart
@bandabixodomato
@luisaslibardi
@seboestacaoculturalpiracicaba
@libral.art
@academiamedleypiracicaba
@escola_vocal
@jotaportes
@advogadaelianagrigolatto
@oficinadocantar
@odademarchi
@nochycigana
@renancambalache
@reactive_bass
@marianameneghinni
@oficialmarioneto
@sos_mondo
@cantorjoaopedro
@sarahzunini
@kellygerage
@thamy_estefani
@engenhodanoticia
@leozawa.music
@bandabixodomato
@lucaozc19
@frisodeouro
@emersonteixeira2021
@mamaesurto19
@rafaelspolidorio
@laylaschmidtoficial","['#tabagismotemcura', '#tabagismo', '#felizsemtabaco', '#cigarronao', '#cigarroeletr√¥nico', '#ecigar', '#vaper', '#vaping', '#narguil√©', '#doencascardiovasculares', '#cardiolog', '#paradasprosucesso', '#campanhaantitabagismo', '#tabagismotemcura', '#tabagismo', '#felizsemtabaco', '#cigarronao', '#cigarroeletr√¥nico', '#ecigar', '#vaper', '#vaping', '#narguil√©', '#doencascardiovasculares', '#cardiologia']","['@julianabarbosaprevitalli', '@juju_rosada', '@graficamichelin', '@julianabarbosaprevitalli', '@juju_rosada', '@insta', '@socesp', '@incavoluntario', '@sbc', '@hcoroficial', '@coracao', '@incorhcfmusp', '@aterosclerose_departamentosbc', '@pareidefumarvireiatleta', '@drasandra', '@cetab_fiocruz', '@cienciausp', '@nataliapasternaktascher', '@ciebcia_hoje', '@cienciasuja', '@pneumosbpt', '@ojoioeotrigo', '@poiatorecicla', '@rafael', '@adriana_artuso', '@musical', '@momentomusical', '@ivetecunhamachado', '@hcrestana', '@pianistagislaineviccino', '@ceciliabellato_', '@aninhabarrosoficial', '@camilarovina', '@cintya_soares', '@deia', '@elaine_teotonio', '@foizer', '@denilibardi', '@jorgelodeator', '@patriciaribeiro', '@luisfernandofischerdutra', '@ma_dabronzo', '@ricardomagalhaesofc', '@viniciuspolezer', '@visuartpiracicaba', '@lucianogutierrez34', '@janinhapsil', '@cezarelbert', '@marciosartorio', '@emporioproducoesculturais', '@rotrevisan', '@legalotiniel', '@glaucepachane', '@fica_vai_te_bol', '@drika_si', '@dr', '@wananarval', '@karinemianodias', '@jefferson', '@claudio_lysias', '@palmiro_romani', '@dr', '@lorenzomanfio', '@likeafray', '@beatrizlvf', '@studiocanvasart', '@bandabixodomato', '@luisaslibardi', '@seboestacaoculturalpiracicaba', '@libral', '@academiamedleypiracicaba', '@escola_vocal', '@jotaportes', '@advogadaelianagrigolatto', '@oficinadocantar', '@odademarchi', '@nochycigana', '@renancambalache', '@reactive_bass', '@marianameneghinni', '@oficialmarioneto', '@sos_mondo', '@cantorjoaopedro', '@sarahzunini', '@kellygerage', '@thamy_estefani', '@engenhodanoticia', '@leozawa', '@bandabixodomato', '@lucaozc19', '@frisodeouro', '@emersonteixeira2021', '@mamaesurto19', '@rafaelspolidorio', '@laylaschmidtoficial']"
2022-12-02_16-38-57_UTC,2022-12-02 10:38:57,,7,0,#haircut #beard #trimmed #suit #freshlook #braces #flatcap #ecigar #smart #smartclothes #smartcasual #steampunkglasses #outfit #smartoutfit #selfconfidence #selfesteem #watch #goldwatch #style,"['#haircut', '#beard', '#trimmed', '#suit', '#freshlook', '#braces', '#flatcap', '#ecigar', '#smart', '#smartclothes', '#smartcasual', '#steampunkglasses', '#outfit', '#smartoutfit', '#selfconfidence', '#selfesteem', '#watch', '#goldwatch', '#style']",[]
2022-12-02_16-40-48_UTC,2022-12-02 10:40:48,,10,0,#haircut #beard #trimmed #suit #freshlook #braces #flatcap #ecigar #smart #smartclothes #smartcasual #steampunkglasses #outfit #smartoutfit #selfconfidence #selfesteem #watch #goldwatch #style,"['#haircut', '#beard', '#trimmed', '#suit', '#freshlook', '#braces', '#flatcap', '#ecigar', '#smart', '#smartclothes', '#smartcasual', '#steampunkglasses', '#outfit', '#smartoutfit', '#selfconfidence', '#selfesteem', '#watch', '#goldwatch', '#style']",[]
2022-12-02_16-41-26_UTC,2022-12-02 10:41:26,,14,0,#haircut #beard #trimmed #suit #freshlook #braces #flatcap #ecigar #smart #smartclothes #smartcasual #steampunkglasses #outfit #smartoutfit #selfconfidence #selfesteem #watch #goldwatch #style,"['#haircut', '#beard', '#trimmed', '#suit', '#freshlook', '#braces', '#flatcap', '#ecigar', '#smart', '#smartclothes', '#smartcasual', '#steampunkglasses', '#outfit', '#smartoutfit', '#selfconfidence', '#selfesteem', '#watch', '#goldwatch', '#style']",[]
2023-01-05_19-02-52_UTC,2023-01-05 13:02:52,"Piracicaba, Sao Paulo",57,12,"Quero compartilhar com voc√™s que esse ano estarei participando efetivamente da campanha Paradas pro sucesso, uma campanha que leva a mensagens e muita informa√ß√£o sobre o tabagismo na voz de renomados artistas, eu fui tabagista por muitos anos, e parar de fumar foi a chave para diversas mudan√ßas positivas em minha vida, quero levar essa mensagem a todos, compartilhar minhas conquistas no esporte que s√≥ est√° sendo poss√≠vel realizar depois que parei de fumar, em fim, compartilhar com voc√™s que a vida √© muito melhor sem tabaco!
Gostaria de agradecer primeiramente a Deus por me permitir a vida e levar essa mensagem, e as queridas @juju_rosada e @julianabarbosaprevitalli idealizadora do projeto por me dar essa oportunidade.
A minha fam√≠lia e meus amigos, muito obrigada por me apoiar e me acompanhar, em breve novidades! 
@paradasprosucesso 

#tabagismotemcura #tabagismo#felizsemtabaco #cigarronao #cigarroeletr√¥nico #ecigar #vaper #vaping #narguil√© #doencascardiovasculares #cardiolog
#paradasprosucesso #campanhaantitabagismo #tabagismotemcura #tabagismo#felizsemtabaco #cigarronao #cigarroeletr√¥nico #ecigar #vaper #vaping #narguil√© #doencascardiovasculares #cardiologia","['#tabagismotemcura', '#tabagismo', '#felizsemtabaco', '#cigarronao', '#cigarroeletr√¥nico', '#ecigar', '#vaper', '#vaping', '#narguil√©', '#doencascardiovasculares', '#cardiolog', '#paradasprosucesso', '#campanhaantitabagismo', '#tabagismotemcura', '#tabagismo', '#felizsemtabaco', '#cigarronao', '#cigarroeletr√¥nico', '#ecigar', '#vaper', '#vaping', '#narguil√©', '#doencascardiovasculares', '#cardiologia']","['@juju_rosada', '@julianabarbosaprevitalli', '@paradasprosucesso']"
2023-02-07_14-41-26_UTC,2023-02-07 08:41:26,"Piracicaba, Brazil",35,1,"Amigos e amigas, convidamos voc√™s para esse evento especial:

3¬∫ Show Paradas pro Sucesso @paradasprosucesso que acontece nesta ter√ßa-feira (14) no Teatro do Engenho ""Erotides de Campos"". 

O evento re√∫ne mais de 40 artistas em 18 apresenta√ß√µes musicais e art√≠sticas e integram a programa√ß√£o os principais artistas que atuaram no projeto antitabagismo no ano de 2022. 

S√£o musicistas, cantores e cantoras, bailarinas, atores e artistas visuais de estilos variados!

Bora todo mundo prestigiar e apoiar! 

Estamos felizes em fazer parte desse projeto t√£o importante e especial! 

A programa√ß√£o faz parte da campanha antitabagista ""Paradas pro Sucesso"" e tem apoio da Prefeitura de Piracicaba por meio da Semac @semacpiracicaba .

A entrada √© gratuita e os ingressos podem ser adquiridos pelo site: www.megabilheteria.com.

***
3¬∫ Show Paradas pro Sucesso

Quando: ter√ßa-feira (14), √†s 20h

Local: Teatro do Engenho (Teatro Municipal Erotides de Campos)

Endere√ßo: Av. Maurice Allain, 454 - Parque Engenho Central

Ingressos gratuitos: www.megabilheteria.com

#tabagismotemcura #tabagismo#felizsemtabaco #cigarronao #cigarroeletr√¥nico #ecigar #vaper #vaping #narguil√© #doencascardiovasculares #cardiolog
#paradasprosucesso #campanhaantitabagismo #tabagismotemcura #tabagismo#felizsemtabaco #cigarronao #cigarroeletr√¥nico #ecigar #vaper #vaping #narguil√© #doencascardiovasculares #cardiologia

@julianabarbosaprevitalli 
@juju_rosada
@insta.act
@socesp @incavoluntario @sbc.cardiol @hcoroficial @coracao.sbc @incorhcfmusp @aterosclerose_departamentosbc @pareidefumarvireiatleta @drasandra.marques @cetab_fiocruz @cienciausp @nataliapasternaktascher
@ciebcia_hoje @cienciasuja @pneumosbpt @ojoioeotrigo @poiatorecicla
@adriana_artuso
@musical.wave
@momentomusical
@ivetecunhamachado
@hcrestana
@pianistagislaineviccino
@ceciliabellato_
@aninhabarrosoficial
@camilarovina
@cintya_soares
@deia.almeida0106
@elaine_teotonio
@foizer.ana
@denilibardi
@jorgelodeator
@patriciaribeiro
@luisfernandofischerdutra 
@ma_dabronzo
@ricardomagalhaesofc
@viniciuspolezer
@visuartpiracicaba
@lucianogutierrez34
@janinhapsil
@cezarelbert
@marciosartorio
@emporioproducoesculturais
@rotrevisan
@legalotiniel
@glaucepachan","['#tabagismotemcura', '#tabagismo', '#felizsemtabaco', '#cigarronao', '#cigarroeletr√¥nico', '#ecigar', '#vaper', '#vaping', '#narguil√©', '#doencascardiovasculares', '#cardiolog', '#paradasprosucesso', '#campanhaantitabagismo', '#tabagismotemcura', '#tabagismo', '#felizsemtabaco', '#cigarronao', '#cigarroeletr√¥nico', '#ecigar', '#vaper', '#vaping', '#narguil√©', '#doencascardiovasculares', '#cardiologia']","['@paradasprosucesso', '@semacpiracicaba', '@julianabarbosaprevitalli', '@juju_rosada', '@insta', '@socesp', '@incavoluntario', '@sbc', '@hcoroficial', '@coracao', '@incorhcfmusp', '@aterosclerose_departamentosbc', '@pareidefumarvireiatleta', '@drasandra', '@cetab_fiocruz', '@cienciausp', '@nataliapasternaktascher', '@ciebcia_hoje', '@cienciasuja', '@pneumosbpt', '@ojoioeotrigo', '@poiatorecicla', '@adriana_artuso', '@musical', '@momentomusical', '@ivetecunhamachado', '@hcrestana', '@pianistagislaineviccino', '@ceciliabellato_', '@aninhabarrosoficial', '@camilarovina', '@cintya_soares', '@deia', '@elaine_teotonio', '@foizer', '@denilibardi', '@jorgelodeator', '@patriciaribeiro', '@luisfernandofischerdutra', '@ma_dabronzo', '@ricardomagalhaesofc', '@viniciuspolezer', '@visuartpiracicaba', '@lucianogutierrez34', '@janinhapsil', '@cezarelbert', '@marciosartorio', '@emporioproducoesculturais', '@rotrevisan', '@legalotiniel', '@glaucepachan']"
2023-02-13_17-53-41_UTC,2023-02-13 11:53:41,"Piracicaba, Sao Paulo",25,1,"J√° adquiriu su ingresso gr√°tis?
O link est√° no perfil da campanha @paradasprosucesso .

#tabagismotemcura #tabagismo#felizsemtabaco #cigarronao #cigarroeletr√¥nico #ecigar #vaper #vaping #narguil√© #doencascardiovasculares #cardiolog
#paradasprosucesso #campanhaantitabagismo #tabagismotemcura #tabagismo#felizsemtabaco #cigarronao #cigarroeletr√¥nico #ecigar #vaper #vaping #narguil√© #doencascardiovasculares #cardiologia #marciosartorio #emporioproducoesculturais","['#tabagismotemcura', '#tabagismo', '#felizsemtabaco', '#cigarronao', '#cigarroeletr√¥nico', '#ecigar', '#vaper', '#vaping', '#narguil√©', '#doencascardiovasculares', '#cardiolog', '#paradasprosucesso', '#campanhaantitabagismo', '#tabagismotemcura', '#tabagismo', '#felizsemtabaco', '#cigarronao', '#cigarroeletr√¥nico', '#ecigar', '#vaper', '#vaping', '#narguil√©', '#doencascardiovasculares', '#cardiologia', '#marciosartorio', '#emporioproducoesculturais']",['@paradasprosucesso']
2023-02-13_17-53-46_UTC,2023-02-13 11:53:46,"Piracicaba, Sao Paulo",3,0,"J√° adquiriu su ingresso gr√°tis?
O link est√° no perfil da campanha @paradasprosucesso .

#tabagismotemcura #tabagismo#felizsemtabaco #cigarronao #cigarroeletr√¥nico #ecigar #vaper #vaping #narguil√© #doencascardiovasculares #cardiolog
#paradasprosucesso #campanhaantitabagismo #tabagismotemcura #tabagismo#felizsemtabaco #cigarronao #cigarroeletr√¥nico #ecigar #vaper #vaping #narguil√© #doencascardiovasculares #cardiologia #marciosartorio #emporioproducoesculturais","['#tabagismotemcura', '#tabagismo', '#felizsemtabaco', '#cigarronao', '#cigarroeletr√¥nico', '#ecigar', '#vaper', '#vaping', '#narguil√©', '#doencascardiovasculares', '#cardiolog', '#paradasprosucesso', '#campanhaantitabagismo', '#tabagismotemcura', '#tabagismo', '#felizsemtabaco', '#cigarronao', '#cigarroeletr√¥nico', '#ecigar', '#vaper', '#vaping', '#narguil√©', '#doencascardiovasculares', '#cardiologia', '#marciosartorio', '#emporioproducoesculturais']",['@paradasprosucesso']
2023-02-14_04-38-45_UTC,2023-02-13 22:38:45,,11,2,#Ïò§ÏßêÏï°ÏÉÅ,['#Ïò§ÏßêÏï°ÏÉÅ'],[]
2023-02-14_08-43-07_UTC,2023-02-14 02:43:07,"Teatro do Engenho - ""Erot√≠des de Campos""",14,0,"√â HOJE o 3¬∞ Show Paradas pro Sucesso. Vamos transformar vidas com a nossa arte!!
Deus nos aben√ßoe.

@atribunapiracicabana publica na edi√ß√£o de hoje,  ter√ßa-feira. 

Ainda restam alguns ingressos. 

Pegue.

 V√°. 

Bom Show. 

#tabagismotemcura #tabagismo#felizsemtabaco #cigarronao #cigarroeletr√¥nico #ecigar #vaper #vaping #narguil√© #doencascardiovasculares #cardiolog
#paradasprosucesso #campanhaantitabagismo #tabagismotemcura #tabagismo#felizsemtabaco #cigarronao #cigarroeletr√¥nico #ecigar #vaper #vaping #narguil√© #doencascardiovasculares #cardiologia

@julianabarbosaprevitalli 
@juju_rosada
@insta.act
@socesp @incavoluntario @sbc.cardiol @hcoroficial @coracao.sbc @incorhcfmusp @aterosclerose_departamentosbc @pareidefumarvireiatleta @drasandra.marques @cetab_fiocruz @cienciausp @nataliapasternaktascher
@ciebcia_hoje @cienciasuja @pneumosbpt @ojoioeotrigo @poiatorecicla
@adriana_artuso
@musical.wave
@momentomusical
@ivetecunhamachado
@hcrestana
@pianistagislaineviccino
@ceciliabellato_
@aninhabarrosoficial
@camilarovina
@cintya_soares
@deia.almeida0106
@elaine_teotonio
@foizer.ana
@denilibardi
@jorgelodeator
@patriciaribeiro
@luisfernandofischerdutra 
@ma_dabronzo
@ricardomagalhaesofc
@viniciuspolezer
@visuartpiracicaba
@lucianogutierrez34
@janinhapsil
@cezarelbert
@marciosartorio
@emporioproducoesculturais
@rotrevisan
@legalotiniel
@glaucepachane
@fica_vai_te_bol vco
@drika_si
@dr.ulisseslimagomes
@wananarval
@‚Å®carlosandre donzelli‚Å©
@karinemianodias
@jefferson.sanches.12
@claudio_lysias
@palmiro_romani
@dr.arthurcardoso
@lorenzomanfio
@likeafray
@beatrizlvf
@studiocanvasart
@bandabixodomato
@luisaslibardi
@seboestacaoculturalpiracicaba
@libral.art
@academiamedleypiracicaba
@escola_vocal
@jotaportes
@advogadaelianagrigolatto
@oficinadocantar
@odademarchi
@nochycigana
@reactive_bass
marianameneghinni
@oficialmarioneto
@sos_mondo
@cantorjoaopedro
@sarahzunini
@kellygerage
@thamy_estefani
@engenhodanoticia
@leo.ozawa.music
@bandabixodomato
@lucaozc19
@frisodeouro
@emersonteixeira2021
@mamaesurto19
@rafaelspolidorio
@laylaschmidtoficial
@heitorbragaoficiall
@rochettofotografia
@erasmocartunista
@manguear.oficial
@lucastrentim
@institutoanahickmannpiracicaba
@lugarcia","['#tabagismotemcura', '#tabagismo', '#felizsemtabaco', '#cigarronao', '#cigarroeletr√¥nico', '#ecigar', '#vaper', '#vaping', '#narguil√©', '#doencascardiovasculares', '#cardiolog', '#paradasprosucesso', '#campanhaantitabagismo', '#tabagismotemcura', '#tabagismo', '#felizsemtabaco', '#cigarronao', '#cigarroeletr√¥nico', '#ecigar', '#vaper', '#vaping', '#narguil√©', '#doencascardiovasculares', '#cardiologia']","['@atribunapiracicabana', '@julianabarbosaprevitalli', '@juju_rosada', '@insta', '@socesp', '@incavoluntario', '@sbc', '@hcoroficial', '@coracao', '@incorhcfmusp', '@aterosclerose_departamentosbc', '@pareidefumarvireiatleta', '@drasandra', '@cetab_fiocruz', '@cienciausp', '@nataliapasternaktascher', '@ciebcia_hoje', '@cienciasuja', '@pneumosbpt', '@ojoioeotrigo', '@poiatorecicla', '@adriana_artuso', '@musical', '@momentomusical', '@ivetecunhamachado', '@hcrestana', '@pianistagislaineviccino', '@ceciliabellato_', '@aninhabarrosoficial', '@camilarovina', '@cintya_soares', '@deia', '@elaine_teotonio', '@foizer', '@denilibardi', '@jorgelodeator', '@patriciaribeiro', '@luisfernandofischerdutra', '@ma_dabronzo', '@ricardomagalhaesofc', '@viniciuspolezer', '@visuartpiracicaba', '@lucianogutierrez34', '@janinhapsil', '@cezarelbert', '@marciosartorio', '@emporioproducoesculturais', '@rotrevisan', '@legalotiniel', '@glaucepachane', '@fica_vai_te_bol', '@drika_si', '@dr', '@wananarval', '@karinemianodias', '@jefferson', '@claudio_lysias', '@palmiro_romani', '@dr', '@lorenzomanfio', '@likeafray', '@beatrizlvf', '@studiocanvasart', '@bandabixodomato', '@luisaslibardi', '@seboestacaoculturalpiracicaba', '@libral', '@academiamedleypiracicaba', '@escola_vocal', '@jotaportes', '@advogadaelianagrigolatto', '@oficinadocantar', '@odademarchi', '@nochycigana', '@reactive_bass', '@oficialmarioneto', '@sos_mondo', '@cantorjoaopedro', '@sarahzunini', '@kellygerage', '@thamy_estefani', '@engenhodanoticia', '@leo', '@bandabixodomato', '@lucaozc19', '@frisodeouro', '@emersonteixeira2021', '@mamaesurto19', '@rafaelspolidorio', '@laylaschmidtoficial', '@heitorbragaoficiall', '@rochettofotografia', '@erasmocartunista', '@manguear', '@lucastrentim', '@institutoanahickmannpiracicaba', '@lugarcia']"
2023-02-14_09-39-59_UTC,2023-02-14 03:39:59,"Piracicaba, Sao Paulo",-1,1,"√â hoje!! O Teatro do Engenho recebe nesta ter√ßa-feira (14/2), a partir das 20h, o 3¬∫ Show Paradas pro Sucesso. Com ingresso gratuito, o evento re√∫ne mais de 40 artistas em 18 apresenta√ß√µes art√≠sticas, como m√∫sica, coral, dan√ßa, performance e teatro. A programa√ß√£o faz parte da campanha antitabagista Paradas pro Sucesso e tem apoio da Prefeitura de Piracicaba por meio da Semac (Secretaria Municipal de A√ß√£o Cultural). Integram a programa√ß√£o os principais artistas que atuaram no projeto antitabagismo no ano de 2022. Segundo dados da OMS (Organiza√ß√£o Mundial da Sa√∫de), o tabaco mata mais de 8 milh√µes de pessoas por ano, o que equivale a 12% das mortes do mundo. Em outra ponta, estamos vendo o aumento do uso de pods, vapes e cigarros eletr√¥nicos que tamb√©m fazem muito mal √† sa√∫de, podendo gerar uma s√≠ndrome conhecida por Evali, entre outras doen√ßas e a depend√™ncia. Portanto, precisamos de pessoas que possam influenciar de maneira positiva jovens e adultos para que n√£o sejam enganados e que possam adquirir h√°bitos mais saud√°veis‚Äù. O 3¬∫ Show Paradas pro Sucesso contar√° com apresenta√ß√µes de m√∫sica erudita, sertanejo, choro, samba, MPB e rock. Tamb√©m haver√° performances art√≠sticas de com√©dia, dan√ßa e teatro. Integram a programa√ß√£o: Banda SOS Mondo; Odair Demarchi; Gislaine Viccino; Dh√© Martins e Carmelina; Jorge Lode; L√©o Ozawa; Claudemir & Mois√©s e Banda;  Wilson e J√©ferson; Patr√≠cia Ribeiro; Rafa Zaz√°; Thamy Stefani; Banda Paradas pro Sucesso;  Elson De Bel√©m; Mari Samantha; Drika Si (coreografia de Vivian Trevelin); Luis Fernando Dutra; e Marcio Sart√≥rio.
Local: Teatro do Engenho (Teatro Municipal Erotides de Campos) Endere√ßo: Av. Maurice Allain, 454 - Parque Engenho Central
Ingressos gratuitos: www.megabilheteria.com
#tabagismotemcura #tabagismo#felizsemtabaco #cigarronao #cigarroeletr√¥nico #ecigar #vaper #vaping #narguil√© #doencascardiovasculares #cardiolog
#paradasprosucesso #campanhaantitabagismo #tabagismotemcura #tabagismo#felizsemtabaco #cigarronao #cigarroeletr√¥nico #ecigar #vaper #vaping #narguil√© #doencascardiovasculares #cardiologia","['#tabagismotemcura', '#tabagismo', '#felizsemtabaco', '#cigarronao', '#cigarroeletr√¥nico', '#ecigar', '#vaper', '#vaping', '#narguil√©', '#doencascardiovasculares', '#cardiolog', '#paradasprosucesso', '#campanhaantitabagismo', '#tabagismotemcura', '#tabagismo', '#felizsemtabaco', '#cigarronao', '#cigarroeletr√¥nico', '#ecigar', '#vaper', '#vaping', '#narguil√©', '#doencascardiovasculares', '#cardiologia']",[]
2023-02-14_10-00-54_UTC,2023-02-14 04:00:54,"Piracicaba, Sao Paulo",-1,0,"√â hoje!! O Teatro do Engenho recebe nesta ter√ßa-feira (14/2), a partir das 20h, o 3¬∫ Show Paradas pro Sucesso. Com ingresso gratuito, o evento re√∫ne mais de 40 artistas em 18 apresenta√ß√µes art√≠sticas, como m√∫sica, coral, dan√ßa, performance e teatro. A programa√ß√£o faz parte da campanha antitabagista Paradas pro Sucesso e tem apoio da Prefeitura de Piracicaba por meio da Semac (Secretaria Municipal de A√ß√£o Cultural). Integram a programa√ß√£o os principais artistas que atuaram no projeto antitabagismo no ano de 2022. Segundo dados da OMS (Organiza√ß√£o Mundial da Sa√∫de), o tabaco mata mais de 8 milh√µes de pessoas por ano, o que equivale a 12% das mortes do mundo. Em outra ponta, estamos vendo o aumento do uso de pods, vapes e cigarros eletr√¥nicos que tamb√©m fazem muito mal √† sa√∫de, podendo gerar uma s√≠ndrome conhecida por Evali, entre outras doen√ßas e a depend√™ncia. Portanto, precisamos de pessoas que possam influenciar de maneira positiva jovens e adultos para que n√£o sejam enganados e que possam adquirir h√°bitos mais saud√°veis‚Äù. O 3¬∫ Show Paradas pro Sucesso contar√° com apresenta√ß√µes de m√∫sica erudita, sertanejo, choro, samba, MPB e rock. Tamb√©m haver√° performances art√≠sticas de com√©dia, dan√ßa e teatro. Integram a programa√ß√£o: Banda SOS Mondo; Odair Demarchi; Gislaine Viccino; Dh√© Martins e Carmelina; Jorge Lode; L√©o Ozawa; Claudemir & Mois√©s e Banda;  Wilson e J√©ferson; Patr√≠cia Ribeiro; Rafa Zaz√°; Thamy Stefani; Banda Paradas pro Sucesso;  Elson De Bel√©m; Mari Samantha; Drika Si (coreografia de Vivian Trevelin); Luis Fernando Dutra; e Marcio Sart√≥rio.
Local: Teatro do Engenho (Teatro Municipal Erotides de Campos) Endere√ßo: Av. Maurice Allain, 454 - Parque Engenho Central
Ingressos gratuitos: www.megabilheteria.com
#tabagismotemcura #tabagismo#felizsemtabaco #cigarronao #cigarroeletr√¥nico #ecigar #vaper #vaping #narguil√© #doencascardiovasculares #cardiolog
#paradasprosucesso #campanhaantitabagismo #tabagismotemcura #tabagismo#felizsemtabaco #cigarronao #cigarroeletr√¥nico #ecigar #vaper #vaping #narguil√© #doencascardiovasculares #cardiologia","['#tabagismotemcura', '#tabagismo', '#felizsemtabaco', '#cigarronao', '#cigarroeletr√¥nico', '#ecigar', '#vaper', '#vaping', '#narguil√©', '#doencascardiovasculares', '#cardiolog', '#paradasprosucesso', '#campanhaantitabagismo', '#tabagismotemcura', '#tabagismo', '#felizsemtabaco', '#cigarronao', '#cigarroeletr√¥nico', '#ecigar', '#vaper', '#vaping', '#narguil√©', '#doencascardiovasculares', '#cardiologia']",[]
2023-02-14_10-57-34_UTC,2023-02-14 04:57:34,"Teatro do Engenho - ""Erot√≠des de Campos""",20,1,"Chegou.  √â HOJE o 3¬∞ Showüéâ Paradas pro Sucesso. 

Voc√™ √© nosso convidado. 

Rock, MPB, Soul, Sertanejo, Erudita, Samba, Teatro, Artes visuais...

Vem?

#tabagismotemcura #tabagismo#felizsemtabaco #cigarronao #cigarroeletr√¥nico #ecigar #vaper #vaping #narguil√© #doencascardiovasculares #cardiolog
#paradasprosucesso #campanhaantitabagismo #tabagismotemcura #tabagismo#felizsemtabaco #cigarronao #cigarroeletr√¥nico #ecigar #vaper #vaping #narguil√© #doencascardiovasculares #cardiologia

@julianabarbosaprevitalli 
@juju_rosada
@insta.act
@socesp @incavoluntario @sbc.cardiol @hcoroficial @coracao.sbc @incorhcfmusp @aterosclerose_departamentosbc @pareidefumarvireiatleta @drasandra.marques @cetab_fiocruz @cienciausp @nataliapasternaktascher
@ciebcia_hoje @cienciasuja @pneumosbpt @ojoioeotrigo @poiatorecicla
@adriana_artuso
@musical.wave
@momentomusical
@ivetecunhamachado
@hcrestana
@pianistagislaineviccino
@ceciliabellato_
@aninhabarrosoficial
@camilarovina
@cintya_soares
@deia.almeida0106
@elaine_teotonio
@foizer.ana
@denilibardi
@jorgelodeator
@patriciaribeiro
@luisfernandofischerdutra 
@ma_dabronzo
@ricardomagalhaesofc
@viniciuspolezer
@visuartpiracicaba
@lucianogutierrez34
@janinhapsil
@cezarelbert
@marciosartorio
@emporioproducoesculturais
@rotrevisan
@legalotiniel
@glaucepachane
@fica_vai_te_bol vco
@drika_si
@dr.ulisseslimagomes
@wananarval
@‚Å®carlosandre donzelli‚Å©
@karinemianodias
@jefferson.sanches.12
@claudio_lysias
@palmiro_romani
@dr.arthurcardoso
@lorenzomanfio
@likeafray
@beatrizlvf
@studiocanvasart
@bandabixodomato
@luisaslibardi
@seboestacaoculturalpiracicaba
@libral.art
@academiamedleypiracicaba
@escola_vocal
@jotaportes
@advogadaelianagrigolatto
@oficinadocantar
@odademarchi
@nochycigana
@reactive_bass
marianameneghinni
@oficialmarioneto
@sos_mondo
@cantorjoaopedro
@sarahzunini
@kellygerage
@thamy_estefani
@engenhodanoticia
@leo.ozawa.music
@bandabixodomato
@lucaozc19
@frisodeouro
@emersonteixeira2021
@mamaesurto19
@rafaelspolidorio
@laylaschmidtoficial
@heitorbragaoficiall
@rochettofotografia
@erasmocartunista
@manguear.oficial
@lucastrentim
@institutoanahickmannpiracicaba
@lugarcia_oficial
@edvar_bhual
@dehmartinscantoonline
@martajorge55","['#tabagismotemcura', '#tabagismo', '#felizsemtabaco', '#cigarronao', '#cigarroeletr√¥nico', '#ecigar', '#vaper', '#vaping', '#narguil√©', '#doencascardiovasculares', '#cardiolog', '#paradasprosucesso', '#campanhaantitabagismo', '#tabagismotemcura', '#tabagismo', '#felizsemtabaco', '#cigarronao', '#cigarroeletr√¥nico', '#ecigar', '#vaper', '#vaping', '#narguil√©', '#doencascardiovasculares', '#cardiologia']","['@julianabarbosaprevitalli', '@juju_rosada', '@insta', '@socesp', '@incavoluntario', '@sbc', '@hcoroficial', '@coracao', '@incorhcfmusp', '@aterosclerose_departamentosbc', '@pareidefumarvireiatleta', '@drasandra', '@cetab_fiocruz', '@cienciausp', '@nataliapasternaktascher', '@ciebcia_hoje', '@cienciasuja', '@pneumosbpt', '@ojoioeotrigo', '@poiatorecicla', '@adriana_artuso', '@musical', '@momentomusical', '@ivetecunhamachado', '@hcrestana', '@pianistagislaineviccino', '@ceciliabellato_', '@aninhabarrosoficial', '@camilarovina', '@cintya_soares', '@deia', '@elaine_teotonio', '@foizer', '@denilibardi', '@jorgelodeator', '@patriciaribeiro', '@luisfernandofischerdutra', '@ma_dabronzo', '@ricardomagalhaesofc', '@viniciuspolezer', '@visuartpiracicaba', '@lucianogutierrez34', '@janinhapsil', '@cezarelbert', '@marciosartorio', '@emporioproducoesculturais', '@rotrevisan', '@legalotiniel', '@glaucepachane', '@fica_vai_te_bol', '@drika_si', '@dr', '@wananarval', '@karinemianodias', '@jefferson', '@claudio_lysias', '@palmiro_romani', '@dr', '@lorenzomanfio', '@likeafray', '@beatrizlvf', '@studiocanvasart', '@bandabixodomato', '@luisaslibardi', '@seboestacaoculturalpiracicaba', '@libral', '@academiamedleypiracicaba', '@escola_vocal', '@jotaportes', '@advogadaelianagrigolatto', '@oficinadocantar', '@odademarchi', '@nochycigana', '@reactive_bass', '@oficialmarioneto', '@sos_mondo', '@cantorjoaopedro', '@sarahzunini', '@kellygerage', '@thamy_estefani', '@engenhodanoticia', '@leo', '@bandabixodomato', '@lucaozc19', '@frisodeouro', '@emersonteixeira2021', '@mamaesurto19', '@rafaelspolidorio', '@laylaschmidtoficial', '@heitorbragaoficiall', '@rochettofotografia', '@erasmocartunista', '@manguear', '@lucastrentim', '@institutoanahickmannpiracicaba', '@lugarcia_oficial', '@edvar_bhual', '@dehmartinscantoonline', '@martajorge55']"
2023-02-18_22-09-45_UTC,2023-02-18 16:09:45,"Teatro do Engenho - ""Erot√≠des de Campos""",17,2,"O Coral misto da professora @denilibardi arrasou com a m√∫sica #tenteoutravezüé∂ de Raul Seixas. 

#tabagismotemcura #tabagismo#felizsemtabaco #cigarronao #cigarroeletr√¥nico #ecigar #vaper #vaping #narguil√© #doencascardiovasculares #cardiolog
#paradasprosucesso #campanhaantitabagismo #tabagismotemcura #tabagismo#felizsemtabaco #cigarronao #cigarroeletr√¥nico #ecigar #vaper #vaping #narguil√© #doencascardiovasculares #cardiologia

@julianabarbosaprevitalli 
@juju_rosada
@insta.act
@socesp @incavoluntario @sbc.cardiol @hcoroficial @coracao.sbc @incorhcfmusp @aterosclerose_departamentosbc @pareidefumarvireiatleta @drasandra.marques @cetab_fiocruz @cienciausp @nataliapasternaktascher
@ciebcia_hoje @cienciasuja @pneumosbpt @ojoioeotrigo @poiatorecicla
@adriana_artuso
@musical.wave
@momentomusical
@ivetecunhamachado
@hcrestana
@pianistagislaineviccino
@ceciliabellato_
@aninhabarrosoficial
@camilarovina
@cintya_soares
@deia.almeida0106
@elaine_teotonio
@foizer.ana
@denilibardi
@jorgelodeator
@patriciaribeiro
@luisfernandofischerdutra 
@ma_dabronzo
@ricardomagalhaesofc
@viniciuspolezer
@visuartpiracicaba
@lucianogutierrez34
@janinhapsil
@cezarelbert
@marciosartorio
@emporioproducoesculturais
@rotrevisan
@legalotiniel
@glaucepachane
@fica_vai_te_bol vco
@drika_si
@dr.ulisseslimagomes
@wananarval
@‚Å®carlosandre donzelli‚Å©
@karinemianodias
@jefferson.sanches.12
@claudio_lysias
@palmiro_romani
@dr.arthurcardoso
@lorenzomanfio
@likeafray
@beatrizlvf
@studiocanvasart
@bandabixodomato
@luisaslibardi
@seboestacaoculturalpiracicaba
@libral.art
@academiamedleypiracicaba
@escola_vocal
@jotaportes
@advogadaelianagrigolatto
@oficinadocantar
@odademarchi
@nochycigana
@reactive_bass
marianameneghinni
@oficialmarioneto
@sos_mondo
@cantorjoaopedro
@sarahzunini
@kellygerage
@thamy_estefani
@engenhodanoticia
@leo.ozawa.music
@bandabixodomato
@lucaozc19
@frisodeouro
@emersonteixeira2021
@mamaesurto19
@rafaelspolidorio
@laylaschmidtoficial
@heitorbragaoficiall
@rochettofotografia
@erasmocartunista
@manguear.oficial
@lucastrentim
@institutoanahickmannpiracicaba
@lugarcia_oficial
@edvar_bhual
@dehmartinscantoonline
@martajorge55
@renatorozendanz
@anedoctal_bassist
@paulacarpim","['#tenteoutravez', '#tabagismotemcura', '#tabagismo', '#felizsemtabaco', '#cigarronao', '#cigarroeletr√¥nico', '#ecigar', '#vaper', '#vaping', '#narguil√©', '#doencascardiovasculares', '#cardiolog', '#paradasprosucesso', '#campanhaantitabagismo', '#tabagismotemcura', '#tabagismo', '#felizsemtabaco', '#cigarronao', '#cigarroeletr√¥nico', '#ecigar', '#vaper', '#vaping', '#narguil√©', '#doencascardiovasculares', '#cardiologia']","['@denilibardi', '@julianabarbosaprevitalli', '@juju_rosada', '@insta', '@socesp', '@incavoluntario', '@sbc', '@hcoroficial', '@coracao', '@incorhcfmusp', '@aterosclerose_departamentosbc', '@pareidefumarvireiatleta', '@drasandra', '@cetab_fiocruz', '@cienciausp', '@nataliapasternaktascher', '@ciebcia_hoje', '@cienciasuja', '@pneumosbpt', '@ojoioeotrigo', '@poiatorecicla', '@adriana_artuso', '@musical', '@momentomusical', '@ivetecunhamachado', '@hcrestana', '@pianistagislaineviccino', '@ceciliabellato_', '@aninhabarrosoficial', '@camilarovina', '@cintya_soares', '@deia', '@elaine_teotonio', '@foizer', '@denilibardi', '@jorgelodeator', '@patriciaribeiro', '@luisfernandofischerdutra', '@ma_dabronzo', '@ricardomagalhaesofc', '@viniciuspolezer', '@visuartpiracicaba', '@lucianogutierrez34', '@janinhapsil', '@cezarelbert', '@marciosartorio', '@emporioproducoesculturais', '@rotrevisan', '@legalotiniel', '@glaucepachane', '@fica_vai_te_bol', '@drika_si', '@dr', '@wananarval', '@karinemianodias', '@jefferson', '@claudio_lysias', '@palmiro_romani', '@dr', '@lorenzomanfio', '@likeafray', '@beatrizlvf', '@studiocanvasart', '@bandabixodomato', '@luisaslibardi', '@seboestacaoculturalpiracicaba', '@libral', '@academiamedleypiracicaba', '@escola_vocal', '@jotaportes', '@advogadaelianagrigolatto', '@oficinadocantar', '@odademarchi', '@nochycigana', '@reactive_bass', '@oficialmarioneto', '@sos_mondo', '@cantorjoaopedro', '@sarahzunini', '@kellygerage', '@thamy_estefani', '@engenhodanoticia', '@leo', '@bandabixodomato', '@lucaozc19', '@frisodeouro', '@emersonteixeira2021', '@mamaesurto19', '@rafaelspolidorio', '@laylaschmidtoficial', '@heitorbragaoficiall', '@rochettofotografia', '@erasmocartunista', '@manguear', '@lucastrentim', '@institutoanahickmannpiracicaba', '@lugarcia_oficial', '@edvar_bhual', '@dehmartinscantoonline', '@martajorge55', '@renatorozendanz', '@anedoctal_bassist', '@paulacarpim']"
2023-02-18_22-22-16_UTC,2023-02-18 16:22:16,"Teatro do Engenho - ""Erot√≠des de Campos""",17,1,"√â ou n√£o √© uma diva a @patriciaribeiromusic ??

#tabagismotemcura #tabagismo#felizsemtabaco #cigarronao #cigarroeletr√¥nico #ecigar #vaper #vaping #narguil√© #doencascardiovasculares #cardiolog
#paradasprosucesso #campanhaantitabagismo #tabagismotemcura #tabagismo#felizsemtabaco #cigarronao #cigarroeletr√¥nico #ecigar #vaper #vaping #narguil√© #doencascardiovasculares #cardiologia

@julianabarbosaprevitalli 
@juju_rosada
@insta.act
@socesp @incavoluntario @sbc.cardiol @hcoroficial @coracao.sbc @incorhcfmusp @aterosclerose_departamentosbc @pareidefumarvireiatleta @drasandra.marques @cetab_fiocruz @cienciausp @nataliapasternaktascher
@ciebcia_hoje @cienciasuja @pneumosbpt @ojoioeotrigo @poiatorecicla
@adriana_artuso
@musical.wave
@momentomusical
@ivetecunhamachado
@hcrestana
@pianistagislaineviccino
@ceciliabellato_
@aninhabarrosoficial
@camilarovina
@cintya_soares
@deia.almeida0106
@elaine_teotonio
@foizer.ana
@denilibardi
@jorgelodeator
@patriciaribeiro
@luisfernandofischerdutra 
@ma_dabronzo
@ricardomagalhaesofc
@viniciuspolezer
@visuartpiracicaba
@lucianogutierrez34
@janinhapsil
@cezarelbert
@marciosartorio
@emporioproducoesculturais
@rotrevisan
@legalotiniel
@glaucepachane
@fica_vai_te_bol vco
@drika_si
@dr.ulisseslimagomes
@wananarval
@‚Å®carlosandre donzelli‚Å©
@karinemianodias
@jefferson.sanches.12
@claudio_lysias
@palmiro_romani
@dr.arthurcardoso
@lorenzomanfio
@likeafray
@beatrizlvf
@studiocanvasart
@bandabixodomato
@luisaslibardi
@seboestacaoculturalpiracicaba
@libral.art
@academiamedleypiracicaba
@escola_vocal
@jotaportes
@advogadaelianagrigolatto
@oficinadocantar
@odademarchi
@nochycigana
@reactive_bass
marianameneghinni
@oficialmarioneto
@sos_mondo
@cantorjoaopedro
@sarahzunini
@kellygerage
@thamy_estefani
@engenhodanoticia
@leo.ozawa.music
@bandabixodomato
@lucaozc19
@frisodeouro
@emersonteixeira2021
@mamaesurto19
@rafaelspolidorio
@laylaschmidtoficial
@heitorbragaoficiall
@rochettofotografia
@erasmocartunista
@manguear.oficial
@lucastrentim
@institutoanahickmannpiracicaba
@lugarcia_oficial
@edvar_bhual
@dehmartinscantoonline
@martajorge55
@renatorozendanz
@anedoctal_bassist
@paulacarpim
@cantorasamantha.oficial
@deboracnalessio
@micaelaalmeidaoficia","['#tabagismotemcura', '#tabagismo', '#felizsemtabaco', '#cigarronao', '#cigarroeletr√¥nico', '#ecigar', '#vaper', '#vaping', '#narguil√©', '#doencascardiovasculares', '#cardiolog', '#paradasprosucesso', '#campanhaantitabagismo', '#tabagismotemcura', '#tabagismo', '#felizsemtabaco', '#cigarronao', '#cigarroeletr√¥nico', '#ecigar', '#vaper', '#vaping', '#narguil√©', '#doencascardiovasculares', '#cardiologia']","['@patriciaribeiromusic', '@julianabarbosaprevitalli', '@juju_rosada', '@insta', '@socesp', '@incavoluntario', '@sbc', '@hcoroficial', '@coracao', '@incorhcfmusp', '@aterosclerose_departamentosbc', '@pareidefumarvireiatleta', '@drasandra', '@cetab_fiocruz', '@cienciausp', '@nataliapasternaktascher', '@ciebcia_hoje', '@cienciasuja', '@pneumosbpt', '@ojoioeotrigo', '@poiatorecicla', '@adriana_artuso', '@musical', '@momentomusical', '@ivetecunhamachado', '@hcrestana', '@pianistagislaineviccino', '@ceciliabellato_', '@aninhabarrosoficial', '@camilarovina', '@cintya_soares', '@deia', '@elaine_teotonio', '@foizer', '@denilibardi', '@jorgelodeator', '@patriciaribeiro', '@luisfernandofischerdutra', '@ma_dabronzo', '@ricardomagalhaesofc', '@viniciuspolezer', '@visuartpiracicaba', '@lucianogutierrez34', '@janinhapsil', '@cezarelbert', '@marciosartorio', '@emporioproducoesculturais', '@rotrevisan', '@legalotiniel', '@glaucepachane', '@fica_vai_te_bol', '@drika_si', '@dr', '@wananarval', '@karinemianodias', '@jefferson', '@claudio_lysias', '@palmiro_romani', '@dr', '@lorenzomanfio', '@likeafray', '@beatrizlvf', '@studiocanvasart', '@bandabixodomato', '@luisaslibardi', '@seboestacaoculturalpiracicaba', '@libral', '@academiamedleypiracicaba', '@escola_vocal', '@jotaportes', '@advogadaelianagrigolatto', '@oficinadocantar', '@odademarchi', '@nochycigana', '@reactive_bass', '@oficialmarioneto', '@sos_mondo', '@cantorjoaopedro', '@sarahzunini', '@kellygerage', '@thamy_estefani', '@engenhodanoticia', '@leo', '@bandabixodomato', '@lucaozc19', '@frisodeouro', '@emersonteixeira2021', '@mamaesurto19', '@rafaelspolidorio', '@laylaschmidtoficial', '@heitorbragaoficiall', '@rochettofotografia', '@erasmocartunista', '@manguear', '@lucastrentim', '@institutoanahickmannpiracicaba', '@lugarcia_oficial', '@edvar_bhual', '@dehmartinscantoonline', '@martajorge55', '@renatorozendanz', '@anedoctal_bassist', '@paulacarpim', '@cantorasamantha', '@deboracnalessio', '@micaelaalmeidaoficia']"
2023-02-19_00-06-17_UTC,2023-02-18 18:06:17,"Teatro do Engenho - ""Erot√≠des de Campos""",34,2,"Essa noite foi muito ecl√©tica. 
Teve viol√£o dedilhado num pout-purri de choros com o talentoso @leo.ozawa.music 

#tabagismotemcura #tabagismo#felizsemtabaco #cigarronao #cigarroeletr√¥nico #ecigar #vaper #vaping #narguil√© #doencascardiovasculares #cardiolog
#paradasprosucesso #campanhaantitabagismo #tabagismotemcura #tabagismo#felizsemtabaco #cigarronao #cigarroeletr√¥nico #ecigar #vaper #vaping #narguil√© #doencascardiovasculares #cardiologia

@julianabarbosaprevitalli 
@juju_rosada
@insta.act
@socesp @incavoluntario @sbc.cardiol @hcoroficial @coracao.sbc @incorhcfmusp @aterosclerose_departamentosbc @pareidefumarvireiatleta @drasandra.marques @cetab_fiocruz @cienciausp @nataliapasternaktascher
@ciebcia_hoje @cienciasuja @pneumosbpt @ojoioeotrigo @poiatorecicla
@adriana_artuso
@musical.wave
@momentomusical
@ivetecunhamachado
@hcrestana
@pianistagislaineviccino
@ceciliabellato_
@aninhabarrosoficial
@camilarovina
@cintya_soares
@deia.almeida0106
@elaine_teotonio
@foizer.ana
@denilibardi
@jorgelodeator
@patriciaribeiro
@luisfernandofischerdutra 
@ma_dabronzo
@ricardomagalhaesofc
@viniciuspolezer
@visuartpiracicaba
@lucianogutierrez34
@janinhapsil
@cezarelbert
@marciosartorio
@emporioproducoesculturais
@rotrevisan
@legalotiniel
@glaucepachane
@fica_vai_te_bol vco
@drika_si
@dr.ulisseslimagomes
@wananarval
@‚Å®carlosandre donzelli‚Å©
@karinemianodias
@jefferson.sanches.12
@claudio_lysias
@palmiro_romani
@dr.arthurcardoso
@lorenzomanfio
@likeafray
@beatrizlvf
@studiocanvasart
@bandabixodomato
@luisaslibardi
@seboestacaoculturalpiracicaba
@libral.art
@academiamedleypiracicaba
@escola_vocal
@jotaportes
@advogadaelianagrigolatto
@oficinadocantar
@odademarchi
@nochycigana
@reactive_bass
marianameneghinni
@oficialmarioneto
@sos_mondo
@cantorjoaopedro
@sarahzunini
@kellygerage
@thamy_estefani
@engenhodanoticia
@leo.ozawa.music
@bandabixodomato
@lucaozc19
@frisodeouro
@emersonteixeira2021
@mamaesurto19
@rafaelspolidorio
@laylaschmidtoficial
@heitorbragaoficiall
@rochettofotografia
@erasmocartunista
@manguear.oficial
@lucastrentim
@institutoanahickmannpiracicaba
@lugarcia_oficial
@edvar_bhual
@dehmartinscantoonline
@martajorge55
@renatorozendanz
@anedoctal_bassist
@paulacarpim","['#tabagismotemcura', '#tabagismo', '#felizsemtabaco', '#cigarronao', '#cigarroeletr√¥nico', '#ecigar', '#vaper', '#vaping', '#narguil√©', '#doencascardiovasculares', '#cardiolog', '#paradasprosucesso', '#campanhaantitabagismo', '#tabagismotemcura', '#tabagismo', '#felizsemtabaco', '#cigarronao', '#cigarroeletr√¥nico', '#ecigar', '#vaper', '#vaping', '#narguil√©', '#doencascardiovasculares', '#cardiologia']","['@leo', '@julianabarbosaprevitalli', '@juju_rosada', '@insta', '@socesp', '@incavoluntario', '@sbc', '@hcoroficial', '@coracao', '@incorhcfmusp', '@aterosclerose_departamentosbc', '@pareidefumarvireiatleta', '@drasandra', '@cetab_fiocruz', '@cienciausp', '@nataliapasternaktascher', '@ciebcia_hoje', '@cienciasuja', '@pneumosbpt', '@ojoioeotrigo', '@poiatorecicla', '@adriana_artuso', '@musical', '@momentomusical', '@ivetecunhamachado', '@hcrestana', '@pianistagislaineviccino', '@ceciliabellato_', '@aninhabarrosoficial', '@camilarovina', '@cintya_soares', '@deia', '@elaine_teotonio', '@foizer', '@denilibardi', '@jorgelodeator', '@patriciaribeiro', '@luisfernandofischerdutra', '@ma_dabronzo', '@ricardomagalhaesofc', '@viniciuspolezer', '@visuartpiracicaba', '@lucianogutierrez34', '@janinhapsil', '@cezarelbert', '@marciosartorio', '@emporioproducoesculturais', '@rotrevisan', '@legalotiniel', '@glaucepachane', '@fica_vai_te_bol', '@drika_si', '@dr', '@wananarval', '@karinemianodias', '@jefferson', '@claudio_lysias', '@palmiro_romani', '@dr', '@lorenzomanfio', '@likeafray', '@beatrizlvf', '@studiocanvasart', '@bandabixodomato', '@luisaslibardi', '@seboestacaoculturalpiracicaba', '@libral', '@academiamedleypiracicaba', '@escola_vocal', '@jotaportes', '@advogadaelianagrigolatto', '@oficinadocantar', '@odademarchi', '@nochycigana', '@reactive_bass', '@oficialmarioneto', '@sos_mondo', '@cantorjoaopedro', '@sarahzunini', '@kellygerage', '@thamy_estefani', '@engenhodanoticia', '@leo', '@bandabixodomato', '@lucaozc19', '@frisodeouro', '@emersonteixeira2021', '@mamaesurto19', '@rafaelspolidorio', '@laylaschmidtoficial', '@heitorbragaoficiall', '@rochettofotografia', '@erasmocartunista', '@manguear', '@lucastrentim', '@institutoanahickmannpiracicaba', '@lugarcia_oficial', '@edvar_bhual', '@dehmartinscantoonline', '@martajorge55', '@renatorozendanz', '@anedoctal_bassist', '@paulacarpim']"
2023-02-19_00-28-16_UTC,2023-02-18 18:28:16,"Teatro do Engenho - ""Erot√≠des de Campos""",6,1,"A m√∫sica sertaneja tamb√©m foi representada no 3¬∞ Show Paradas pro Sucesso nas vozes de @claudemiremoisesoficial e banda

#tabagismotemcura #tabagismo#felizsemtabaco #cigarronao #cigarroeletr√¥nico #ecigar #vaper #vaping #narguil√© #doencascardiovasculares #cardiolog
#paradasprosucesso #campanhaantitabagismo #tabagismotemcura #tabagismo#felizsemtabaco #cigarronao #cigarroeletr√¥nico #ecigar #vaper #vaping #narguil√© #doencascardiovasculares #cardiologia

@julianabarbosaprevitalli 
@juju_rosada
@insta.act
@socesp @incavoluntario @sbc.cardiol @hcoroficial @coracao.sbc @incorhcfmusp @aterosclerose_departamentosbc @pareidefumarvireiatleta @drasandra.marques @cetab_fiocruz @cienciausp @nataliapasternaktascher
@ciebcia_hoje @cienciasuja @pneumosbpt @ojoioeotrigo @poiatorecicla
@adriana_artuso
@musical.wave
@momentomusical
@ivetecunhamachado
@hcrestana
@pianistagislaineviccino
@ceciliabellato_
@aninhabarrosoficial
@camilarovina
@cintya_soares
@deia.almeida0106
@elaine_teotonio
@foizer.ana
@denilibardi
@jorgelodeator
@patriciaribeiro
@luisfernandofischerdutra 
@ma_dabronzo
@ricardomagalhaesofc
@viniciuspolezer
@visuartpiracicaba
@lucianogutierrez34
@janinhapsil
@cezarelbert
@marciosartorio
@emporioproducoesculturais
@rotrevisan
@legalotiniel
@glaucepachane
@fica_vai_te_bol vco
@drika_si
@dr.ulisseslimagomes
@wananarval
@‚Å®carlosandre donzelli‚Å©
@karinemianodias
@jefferson.sanches.12
@claudio_lysias
@palmiro_romani
@dr.arthurcardoso
@lorenzomanfio
@likeafray
@beatrizlvf
@studiocanvasart
@bandabixodomato
@luisaslibardi
@seboestacaoculturalpiracicaba
@libral.art
@academiamedleypiracicaba
@escola_vocal
@jotaportes
@advogadaelianagrigolatto
@oficinadocantar
@odademarchi
@nochycigana
@reactive_bass
marianameneghinni
@oficialmarioneto
@sos_mondo
@cantorjoaopedro
@sarahzunini
@kellygerage
@thamy_estefani
@engenhodanoticia
@leo.ozawa.music
@bandabixodomato
@lucaozc19
@frisodeouro
@emersonteixeira2021
@mamaesurto19
@rafaelspolidorio
@laylaschmidtoficial
@heitorbragaoficiall
@rochettofotografia
@erasmocartunista
@manguear.oficial
@lucastrentim
@institutoanahickmannpiracicaba
@lugarcia_oficial
@edvar_bhual
@dehmartinscantoonline
@martajorge55
@renatorozendanz
@anedoctal_bassist","['#tabagismotemcura', '#tabagismo', '#felizsemtabaco', '#cigarronao', '#cigarroeletr√¥nico', '#ecigar', '#vaper', '#vaping', '#narguil√©', '#doencascardiovasculares', '#cardiolog', '#paradasprosucesso', '#campanhaantitabagismo', '#tabagismotemcura', '#tabagismo', '#felizsemtabaco', '#cigarronao', '#cigarroeletr√¥nico', '#ecigar', '#vaper', '#vaping', '#narguil√©', '#doencascardiovasculares', '#cardiologia']","['@claudemiremoisesoficial', '@julianabarbosaprevitalli', '@juju_rosada', '@insta', '@socesp', '@incavoluntario', '@sbc', '@hcoroficial', '@coracao', '@incorhcfmusp', '@aterosclerose_departamentosbc', '@pareidefumarvireiatleta', '@drasandra', '@cetab_fiocruz', '@cienciausp', '@nataliapasternaktascher', '@ciebcia_hoje', '@cienciasuja', '@pneumosbpt', '@ojoioeotrigo', '@poiatorecicla', '@adriana_artuso', '@musical', '@momentomusical', '@ivetecunhamachado', '@hcrestana', '@pianistagislaineviccino', '@ceciliabellato_', '@aninhabarrosoficial', '@camilarovina', '@cintya_soares', '@deia', '@elaine_teotonio', '@foizer', '@denilibardi', '@jorgelodeator', '@patriciaribeiro', '@luisfernandofischerdutra', '@ma_dabronzo', '@ricardomagalhaesofc', '@viniciuspolezer', '@visuartpiracicaba', '@lucianogutierrez34', '@janinhapsil', '@cezarelbert', '@marciosartorio', '@emporioproducoesculturais', '@rotrevisan', '@legalotiniel', '@glaucepachane', '@fica_vai_te_bol', '@drika_si', '@dr', '@wananarval', '@karinemianodias', '@jefferson', '@claudio_lysias', '@palmiro_romani', '@dr', '@lorenzomanfio', '@likeafray', '@beatrizlvf', '@studiocanvasart', '@bandabixodomato', '@luisaslibardi', '@seboestacaoculturalpiracicaba', '@libral', '@academiamedleypiracicaba', '@escola_vocal', '@jotaportes', '@advogadaelianagrigolatto', '@oficinadocantar', '@odademarchi', '@nochycigana', '@reactive_bass', '@oficialmarioneto', '@sos_mondo', '@cantorjoaopedro', '@sarahzunini', '@kellygerage', '@thamy_estefani', '@engenhodanoticia', '@leo', '@bandabixodomato', '@lucaozc19', '@frisodeouro', '@emersonteixeira2021', '@mamaesurto19', '@rafaelspolidorio', '@laylaschmidtoficial', '@heitorbragaoficiall', '@rochettofotografia', '@erasmocartunista', '@manguear', '@lucastrentim', '@institutoanahickmannpiracicaba', '@lugarcia_oficial', '@edvar_bhual', '@dehmartinscantoonline', '@martajorge55', '@renatorozendanz', '@anedoctal_bassist']"
2023-02-19_01-01-52_UTC,2023-02-18 19:01:52,"Teatro do Engenho - ""Erot√≠des de Campos""",17,4,"Momento internacional do Show com a cantora que foi revelada no Festival DiCanto da professora @denilibardi 

@thamy_estefani arrasou com Hero, de Mariah Carey

Os cliques bel√≠ssimos s√£o do nosdo fiel apoiador, o fot√≥grafo 
@rochettofotografia

#tabagismotemcura #tabagismo#felizsemtabaco #cigarronao #cigarroeletr√¥nico #ecigar #vaper #vaping #narguil√© #doencascardiovasculares #cardiolog
#paradasprosucesso #campanhaantitabagismo #tabagismotemcura #tabagismo#felizsemtabaco #cigarronao #cigarroeletr√¥nico #ecigar #vaper #vaping #narguil√© #doencascardiovasculares #cardiologia

@julianabarbosaprevitalli 
@juju_rosada
@insta.act
@socesp @incavoluntario @sbc.cardiol @hcoroficial @coracao.sbc @incorhcfmusp @aterosclerose_departamentosbc @pareidefumarvireiatleta @drasandra.marques @cetab_fiocruz @cienciausp @nataliapasternaktascher
@ciebcia_hoje @cienciasuja @pneumosbpt @ojoioeotrigo @poiatorecicla
@adriana_artuso
@musical.wave
@momentomusical
@ivetecunhamachado
@hcrestana
@pianistagislaineviccino
@ceciliabellato_
@aninhabarrosoficial
@camilarovina
@cintya_soares
@deia.almeida0106
@elaine_teotonio
@foizer.ana
@denilibardi
@jorgelodeator
@patriciaribeiro
@luisfernandofischerdutra 
@ma_dabronzo
@ricardomagalhaesofc
@viniciuspolezer
@visuartpiracicaba
@lucianogutierrez34
@janinhapsil
@cezarelbert
@marciosartorio
@emporioproducoesculturais
@rotrevisan
@legalotiniel
@glaucepachane
@fica_vai_te_bol vco
@drika_si
@dr.ulisseslimagomes
@wananarval
@‚Å®carlosandre donzelli‚Å©
@karinemianodias
@jefferson.sanches.12
@claudio_lysias
@palmiro_romani
@dr.arthurcardoso
@lorenzomanfio
@likeafray
@beatrizlvf
@studiocanvasart
@bandabixodomato
@luisaslibardi
@seboestacaoculturalpiracicaba
@libral.art
@academiamedleypiracicaba
@escola_vocal
@jotaportes
@advogadaelianagrigolatto
@oficinadocantar
@odademarchi
@nochycigana
@reactive_bass
marianameneghinni
@oficialmarioneto
@sos_mondo
@cantorjoaopedro
@sarahzunini
@kellygerage
@thamy_estefani
@engenhodanoticia
@leo.ozawa.music
@bandabixodomato
@lucaozc19
@frisodeouro
@emersonteixeira2021
@mamaesurto19
@rafaelspolidorio
@laylaschmidtoficial
@heitorbragaoficiall
@rochettofotografia
@erasmocartunista
@manguear.oficial
@lucastrentim
@institutoanahickmann","['#tabagismotemcura', '#tabagismo', '#felizsemtabaco', '#cigarronao', '#cigarroeletr√¥nico', '#ecigar', '#vaper', '#vaping', '#narguil√©', '#doencascardiovasculares', '#cardiolog', '#paradasprosucesso', '#campanhaantitabagismo', '#tabagismotemcura', '#tabagismo', '#felizsemtabaco', '#cigarronao', '#cigarroeletr√¥nico', '#ecigar', '#vaper', '#vaping', '#narguil√©', '#doencascardiovasculares', '#cardiologia']","['@denilibardi', '@thamy_estefani', '@rochettofotografia', '@julianabarbosaprevitalli', '@juju_rosada', '@insta', '@socesp', '@incavoluntario', '@sbc', '@hcoroficial', '@coracao', '@incorhcfmusp', '@aterosclerose_departamentosbc', '@pareidefumarvireiatleta', '@drasandra', '@cetab_fiocruz', '@cienciausp', '@nataliapasternaktascher', '@ciebcia_hoje', '@cienciasuja', '@pneumosbpt', '@ojoioeotrigo', '@poiatorecicla', '@adriana_artuso', '@musical', '@momentomusical', '@ivetecunhamachado', '@hcrestana', '@pianistagislaineviccino', '@ceciliabellato_', '@aninhabarrosoficial', '@camilarovina', '@cintya_soares', '@deia', '@elaine_teotonio', '@foizer', '@denilibardi', '@jorgelodeator', '@patriciaribeiro', '@luisfernandofischerdutra', '@ma_dabronzo', '@ricardomagalhaesofc', '@viniciuspolezer', '@visuartpiracicaba', '@lucianogutierrez34', '@janinhapsil', '@cezarelbert', '@marciosartorio', '@emporioproducoesculturais', '@rotrevisan', '@legalotiniel', '@glaucepachane', '@fica_vai_te_bol', '@drika_si', '@dr', '@wananarval', '@karinemianodias', '@jefferson', '@claudio_lysias', '@palmiro_romani', '@dr', '@lorenzomanfio', '@likeafray', '@beatrizlvf', '@studiocanvasart', '@bandabixodomato', '@luisaslibardi', '@seboestacaoculturalpiracicaba', '@libral', '@academiamedleypiracicaba', '@escola_vocal', '@jotaportes', '@advogadaelianagrigolatto', '@oficinadocantar', '@odademarchi', '@nochycigana', '@reactive_bass', '@oficialmarioneto', '@sos_mondo', '@cantorjoaopedro', '@sarahzunini', '@kellygerage', '@thamy_estefani', '@engenhodanoticia', '@leo', '@bandabixodomato', '@lucaozc19', '@frisodeouro', '@emersonteixeira2021', '@mamaesurto19', '@rafaelspolidorio', '@laylaschmidtoficial', '@heitorbragaoficiall', '@rochettofotografia', '@erasmocartunista', '@manguear', '@lucastrentim', '@institutoanahickmann']"
2023-02-19_02-56-53_UTC,2023-02-18 20:56:53,"Teatro do Engenho - ""Erot√≠des de Campos""",18,0,"Esquete do ator @elsondebelem baseada no po√©tico e m√≠stico conto A Terceira Margem do Rio, de Guimar√£es Rosa. 

O clique que captou a emo√ß√£o da cena √© do @rochettofotografia

#tabagismotemcura #tabagismo#felizsemtabaco #cigarronao #cigarroeletr√¥nico #ecigar #vaper #vaping #narguil√© #doencascardiovasculares #cardiolog
#paradasprosucesso #campanhaantitabagismo #tabagismotemcura #tabagismo#felizsemtabaco #cigarronao #cigarroeletr√¥nico #ecigar #vaper #vaping #narguil√© #doencascardiovasculares #cardiologia

@julianabarbosaprevitalli 
@juju_rosada
@insta.act
@socesp @incavoluntario @sbc.cardiol @hcoroficial @coracao.sbc @incorhcfmusp @aterosclerose_departamentosbc @pareidefumarvireiatleta @drasandra.marques @cetab_fiocruz @cienciausp @nataliapasternaktascher
@ciebcia_hoje @cienciasuja @pneumosbpt @ojoioeotrigo @poiatorecicla
@adriana_artuso
@musical.wave
@momentomusical
@ivetecunhamachado
@hcrestana
@pianistagislaineviccino
@ceciliabellato_
@aninhabarrosoficial
@camilarovina
@cintya_soares
@deia.almeida0106
@elaine_teotonio
@foizer.ana
@denilibardi
@jorgelodeator
@patriciaribeiro
@luisfernandofischerdutra 
@ma_dabronzo
@ricardomagalhaesofc
@viniciuspolezer
@visuartpiracicaba
@lucianogutierrez34
@janinhapsil
@cezarelbert
@marciosartorio
@emporioproducoesculturais
@rotrevisan
@legalotiniel
@glaucepachane
@fica_vai_te_bol vco
@drika_si
@dr.ulisseslimagomes
@wananarval
@‚Å®carlosandre donzelli‚Å©
@karinemianodias
@jefferson.sanches.12
@claudio_lysias
@palmiro_romani
@dr.arthurcardoso
@lorenzomanfio
@likeafray
@beatrizlvf
@studiocanvasart
@bandabixodomato
@luisaslibardi
@seboestacaoculturalpiracicaba
@libral.art
@academiamedleypiracicaba
@escola_vocal
@jotaportes
@advogadaelianagrigolatto
@oficinadocantar
@odademarchi
@nochycigana
@reactive_bass
marianameneghinni
@oficialmarioneto
@sos_mondo
@cantorjoaopedro
@sarahzunini
@kellygerage
@thamy_estefani
@engenhodanoticia
@leo.ozawa.music
@bandabixodomato
@lucaozc19
@frisodeouro
@emersonteixeira2021
@mamaesurto19
@rafaelspolidorio
@laylaschmidtoficial
@heitorbragaoficiall
@rochettofotografia
@erasmocartunista
@manguear.oficial
@lucastrentim
@institutoanahickmannpiracicaba
@lugarcia_oficial
@edvar_bhual
@dehmartinscantoonline","['#tabagismotemcura', '#tabagismo', '#felizsemtabaco', '#cigarronao', '#cigarroeletr√¥nico', '#ecigar', '#vaper', '#vaping', '#narguil√©', '#doencascardiovasculares', '#cardiolog', '#paradasprosucesso', '#campanhaantitabagismo', '#tabagismotemcura', '#tabagismo', '#felizsemtabaco', '#cigarronao', '#cigarroeletr√¥nico', '#ecigar', '#vaper', '#vaping', '#narguil√©', '#doencascardiovasculares', '#cardiologia']","['@elsondebelem', '@rochettofotografia', '@julianabarbosaprevitalli', '@juju_rosada', '@insta', '@socesp', '@incavoluntario', '@sbc', '@hcoroficial', '@coracao', '@incorhcfmusp', '@aterosclerose_departamentosbc', '@pareidefumarvireiatleta', '@drasandra', '@cetab_fiocruz', '@cienciausp', '@nataliapasternaktascher', '@ciebcia_hoje', '@cienciasuja', '@pneumosbpt', '@ojoioeotrigo', '@poiatorecicla', '@adriana_artuso', '@musical', '@momentomusical', '@ivetecunhamachado', '@hcrestana', '@pianistagislaineviccino', '@ceciliabellato_', '@aninhabarrosoficial', '@camilarovina', '@cintya_soares', '@deia', '@elaine_teotonio', '@foizer', '@denilibardi', '@jorgelodeator', '@patriciaribeiro', '@luisfernandofischerdutra', '@ma_dabronzo', '@ricardomagalhaesofc', '@viniciuspolezer', '@visuartpiracicaba', '@lucianogutierrez34', '@janinhapsil', '@cezarelbert', '@marciosartorio', '@emporioproducoesculturais', '@rotrevisan', '@legalotiniel', '@glaucepachane', '@fica_vai_te_bol', '@drika_si', '@dr', '@wananarval', '@karinemianodias', '@jefferson', '@claudio_lysias', '@palmiro_romani', '@dr', '@lorenzomanfio', '@likeafray', '@beatrizlvf', '@studiocanvasart', '@bandabixodomato', '@luisaslibardi', '@seboestacaoculturalpiracicaba', '@libral', '@academiamedleypiracicaba', '@escola_vocal', '@jotaportes', '@advogadaelianagrigolatto', '@oficinadocantar', '@odademarchi', '@nochycigana', '@reactive_bass', '@oficialmarioneto', '@sos_mondo', '@cantorjoaopedro', '@sarahzunini', '@kellygerage', '@thamy_estefani', '@engenhodanoticia', '@leo', '@bandabixodomato', '@lucaozc19', '@frisodeouro', '@emersonteixeira2021', '@mamaesurto19', '@rafaelspolidorio', '@laylaschmidtoficial', '@heitorbragaoficiall', '@rochettofotografia', '@erasmocartunista', '@manguear', '@lucastrentim', '@institutoanahickmannpiracicaba', '@lugarcia_oficial', '@edvar_bhual', '@dehmartinscantoonline']"
2023-02-19_07-32-28_UTC,2023-02-19 01:32:28,,15,4,#Ïò§ÏßêÏï°ÏÉÅ,['#Ïò§ÏßêÏï°ÏÉÅ'],[]
2023-02-19_20-50-29_UTC,2023-02-19 14:50:29,"Teatro do Engenho - ""Erot√≠des de Campos""",8,0,"Essa imagem revela toda a magia da performance do ator @odademarchi que literalmente envolveu o p√∫blico com sua arte.

Obrigada ao artista Tiago Rochetto @rochettofotografia por t√£o belos registros. 

#tabagismotemcura #tabagismo#felizsemtabaco #cigarronao #cigarroeletr√¥nico #ecigar #vaper #vaping #narguil√© #doencascardiovasculares #cardiolog
#paradasprosucesso #campanhaantitabagismo #tabagismotemcura #tabagismo#felizsemtabaco #cigarronao #cigarroeletr√¥nico #ecigar #vaper #vaping #narguil√© #doencascardiovasculares #cardiologia

@julianabarbosaprevitalli 
@juju_rosada
@insta.act
@socesp @incavoluntario @sbc.cardiol @hcoroficial @coracao.sbc @incorhcfmusp @aterosclerose_departamentosbc @pareidefumarvireiatleta @drasandra.marques @cetab_fiocruz @cienciausp @nataliapasternaktascher
@ciebcia_hoje @cienciasuja @pneumosbpt @ojoioeotrigo @poiatorecicla
@adriana_artuso
@musical.wave
@momentomusical
@ivetecunhamachado
@hcrestana
@pianistagislaineviccino
@ceciliabellato_
@aninhabarrosoficial
@camilarovina
@cintya_soares
@deia.almeida0106
@elaine_teotonio
@foizer.ana
@denilibardi
@jorgelodeator
@patriciaribeiro
@luisfernandofischerdutra 
@ma_dabronzo
@ricardomagalhaesofc
@viniciuspolezer
@visuartpiracicaba
@lucianogutierrez34
@janinhapsil
@cezarelbert
@marciosartorio
@emporioproducoesculturais
@rotrevisan
@legalotiniel
@glaucepachane
@fica_vai_te_bol vco
@drika_si
@dr.ulisseslimagomes
@wananarval
@‚Å®carlosandre donzelli‚Å©
@karinemianodias
@jefferson.sanches.12
@claudio_lysias
@palmiro_romani
@dr.arthurcardoso
@lorenzomanfio
@likeafray
@beatrizlvf
@studiocanvasart
@bandabixodomato
@luisaslibardi
@seboestacaoculturalpiracicaba
@libral.art
@academiamedleypiracicaba
@escola_vocal
@jotaportes
@advogadaelianagrigolatto
@oficinadocantar
@odademarchi
@nochycigana
@reactive_bass
marianameneghinni
@oficialmarioneto
@sos_mondo
@cantorjoaopedro
@sarahzunini
@kellygerage
@thamy_estefani
@engenhodanoticia
@leo.ozawa.music
@bandabixodomato
@lucaozc19
@frisodeouro
@emersonteixeira2021
@mamaesurto19
@rafaelspolidorio
@laylaschmidtoficial
@heitorbragaoficiall
@rochettofotografia
@erasmocartunista
@manguear.oficial
@lucastrentim
@institutoanahickmannpiracicaba
@lugarcia_oficial
@edvar_bhual","['#tabagismotemcura', '#tabagismo', '#felizsemtabaco', '#cigarronao', '#cigarroeletr√¥nico', '#ecigar', '#vaper', '#vaping', '#narguil√©', '#doencascardiovasculares', '#cardiolog', '#paradasprosucesso', '#campanhaantitabagismo', '#tabagismotemcura', '#tabagismo', '#felizsemtabaco', '#cigarronao', '#cigarroeletr√¥nico', '#ecigar', '#vaper', '#vaping', '#narguil√©', '#doencascardiovasculares', '#cardiologia']","['@odademarchi', '@rochettofotografia', '@julianabarbosaprevitalli', '@juju_rosada', '@insta', '@socesp', '@incavoluntario', '@sbc', '@hcoroficial', '@coracao', '@incorhcfmusp', '@aterosclerose_departamentosbc', '@pareidefumarvireiatleta', '@drasandra', '@cetab_fiocruz', '@cienciausp', '@nataliapasternaktascher', '@ciebcia_hoje', '@cienciasuja', '@pneumosbpt', '@ojoioeotrigo', '@poiatorecicla', '@adriana_artuso', '@musical', '@momentomusical', '@ivetecunhamachado', '@hcrestana', '@pianistagislaineviccino', '@ceciliabellato_', '@aninhabarrosoficial', '@camilarovina', '@cintya_soares', '@deia', '@elaine_teotonio', '@foizer', '@denilibardi', '@jorgelodeator', '@patriciaribeiro', '@luisfernandofischerdutra', '@ma_dabronzo', '@ricardomagalhaesofc', '@viniciuspolezer', '@visuartpiracicaba', '@lucianogutierrez34', '@janinhapsil', '@cezarelbert', '@marciosartorio', '@emporioproducoesculturais', '@rotrevisan', '@legalotiniel', '@glaucepachane', '@fica_vai_te_bol', '@drika_si', '@dr', '@wananarval', '@karinemianodias', '@jefferson', '@claudio_lysias', '@palmiro_romani', '@dr', '@lorenzomanfio', '@likeafray', '@beatrizlvf', '@studiocanvasart', '@bandabixodomato', '@luisaslibardi', '@seboestacaoculturalpiracicaba', '@libral', '@academiamedleypiracicaba', '@escola_vocal', '@jotaportes', '@advogadaelianagrigolatto', '@oficinadocantar', '@odademarchi', '@nochycigana', '@reactive_bass', '@oficialmarioneto', '@sos_mondo', '@cantorjoaopedro', '@sarahzunini', '@kellygerage', '@thamy_estefani', '@engenhodanoticia', '@leo', '@bandabixodomato', '@lucaozc19', '@frisodeouro', '@emersonteixeira2021', '@mamaesurto19', '@rafaelspolidorio', '@laylaschmidtoficial', '@heitorbragaoficiall', '@rochettofotografia', '@erasmocartunista', '@manguear', '@lucastrentim', '@institutoanahickmannpiracicaba', '@lugarcia_oficial', '@edvar_bhual']"
2023-02-20_15-23-31_UTC,2023-02-20 09:23:31,"Teatro do Engenho - ""Erot√≠des de Campos""",14,3,"O canto l√≠rico tamb√©m esteve presente no 3¬∞ Show Paradas pro Sucesso na voz da soprano @cantorasamantha.oficial 
Ela arrebatou o p√∫blico com sua interpreta√ß√£o de ""Con Te  Partir√≥""

No piano,  a querida @pianistagislaineviccino 

O clique, @rochettofotografia 

#tabagismotemcura #tabagismo#felizsemtabaco #cigarronao #cigarroeletr√¥nico #ecigar #vaper #vaping #narguil√© #doencascardiovasculares #cardiolog
#paradasprosucesso #campanhaantitabagismo #tabagismotemcura #tabagismo#felizsemtabaco #cigarronao #cigarroeletr√¥nico #ecigar #vaper #vaping #narguil√© #doencascardiovasculares #cardiologia

@julianabarbosaprevitalli 
@juju_rosada
@insta.act
@socesp @incavoluntario @sbc.cardiol @hcoroficial @coracao.sbc @incorhcfmusp @aterosclerose_departamentosbc @pareidefumarvireiatleta @drasandra.marques @cetab_fiocruz @cienciausp @nataliapasternaktascher
@ciebcia_hoje @cienciasuja @pneumosbpt @ojoioeotrigo @poiatorecicla
@adriana_artuso
@musical.wave
@momentomusical
@ivetecunhamachado
@hcrestana
@pianistagislaineviccino
@ceciliabellato_
@aninhabarrosoficial
@camilarovina
@cintya_soares
@deia.almeida0106
@elaine_teotonio
@foizer.ana
@denilibardi
@jorgelodeator
@patriciaribeiro
@luisfernandofischerdutra 
@ma_dabronzo
@ricardomagalhaesofc
@viniciuspolezer
@visuartpiracicaba
@lucianogutierrez34
@janinhapsil
@cezarelbert
@marciosartorio
@emporioproducoesculturais
@rotrevisan
@legalotiniel
@glaucepachane
@fica_vai_te_bol vco
@drika_si
@dr.ulisseslimagomes
wananarval
@‚Å®carlosandre donzelli‚Å©
@karinemianodias
@jefferson.sanches.12
@claudio_lysias
@palmiro_romani
@dr.arthurcardoso
@lorenzomanfio
@likeafray
@beatrizlvf
@studiocanvasart
@bandabixodomato
@luisaslibardi
@seboestacaoculturalpiracicaba
@libral.art
@academiamedleypiracicaba
@escola_vocal
@jotaportes
@advogadaelianagrigolatto
@oficinadocantar
@odademarchi
@nochycigana
@reactive_bass
marianameneghinni
@oficialmarioneto
@sos_mondo
@cantorjoaopedro
@sarahzunini
@kellygerage
@thamy_estefani
@engenhodanoticia
@leo.ozawa.music
@bandabixodomato
@lucaozc19
@frisodeouro
@emersonteixeira2021
@mamaesurto19
@rafaelspolidorio
@laylaschmidtoficial
@heitorbragaoficiall
@rochettofotografia
@erasmocartunista
@manguear.oficial
@lucastrentim","['#tabagismotemcura', '#tabagismo', '#felizsemtabaco', '#cigarronao', '#cigarroeletr√¥nico', '#ecigar', '#vaper', '#vaping', '#narguil√©', '#doencascardiovasculares', '#cardiolog', '#paradasprosucesso', '#campanhaantitabagismo', '#tabagismotemcura', '#tabagismo', '#felizsemtabaco', '#cigarronao', '#cigarroeletr√¥nico', '#ecigar', '#vaper', '#vaping', '#narguil√©', '#doencascardiovasculares', '#cardiologia']","['@cantorasamantha', '@pianistagislaineviccino', '@rochettofotografia', '@julianabarbosaprevitalli', '@juju_rosada', '@insta', '@socesp', '@incavoluntario', '@sbc', '@hcoroficial', '@coracao', '@incorhcfmusp', '@aterosclerose_departamentosbc', '@pareidefumarvireiatleta', '@drasandra', '@cetab_fiocruz', '@cienciausp', '@nataliapasternaktascher', '@ciebcia_hoje', '@cienciasuja', '@pneumosbpt', '@ojoioeotrigo', '@poiatorecicla', '@adriana_artuso', '@musical', '@momentomusical', '@ivetecunhamachado', '@hcrestana', '@pianistagislaineviccino', '@ceciliabellato_', '@aninhabarrosoficial', '@camilarovina', '@cintya_soares', '@deia', '@elaine_teotonio', '@foizer', '@denilibardi', '@jorgelodeator', '@patriciaribeiro', '@luisfernandofischerdutra', '@ma_dabronzo', '@ricardomagalhaesofc', '@viniciuspolezer', '@visuartpiracicaba', '@lucianogutierrez34', '@janinhapsil', '@cezarelbert', '@marciosartorio', '@emporioproducoesculturais', '@rotrevisan', '@legalotiniel', '@glaucepachane', '@fica_vai_te_bol', '@drika_si', '@dr', '@karinemianodias', '@jefferson', '@claudio_lysias', '@palmiro_romani', '@dr', '@lorenzomanfio', '@likeafray', '@beatrizlvf', '@studiocanvasart', '@bandabixodomato', '@luisaslibardi', '@seboestacaoculturalpiracicaba', '@libral', '@academiamedleypiracicaba', '@escola_vocal', '@jotaportes', '@advogadaelianagrigolatto', '@oficinadocantar', '@odademarchi', '@nochycigana', '@reactive_bass', '@oficialmarioneto', '@sos_mondo', '@cantorjoaopedro', '@sarahzunini', '@kellygerage', '@thamy_estefani', '@engenhodanoticia', '@leo', '@bandabixodomato', '@lucaozc19', '@frisodeouro', '@emersonteixeira2021', '@mamaesurto19', '@rafaelspolidorio', '@laylaschmidtoficial', '@heitorbragaoficiall', '@rochettofotografia', '@erasmocartunista', '@manguear', '@lucastrentim']"
2023-02-25_05-42-06_UTC,2023-02-24 23:42:06,,5,0,#puffelf #ecigdisposable #puffelfvape #ecighighquality #disposablepod #disposablevape #puffpastry #disposablevape #vaperussia #vapeusastore #vapemanufacturer #vapevietnam #vapeuk #vapeeurope #vapeiraq #vapegermany #vapenewzealand #vapeaustralia #vapemexico #vapemalaysiacommunity #vapeindonesia #vapelife #vapers #vapeshop #vapedistributors #vapewholesalers #vapemexico #vapeindia #vapesouthafrica #vapefrance #cigar #ecigar,"['#puffelf', '#ecigdisposable', '#puffelfvape', '#ecighighquality', '#disposablepod', '#disposablevape', '#puffpastry', '#disposablevape', '#vaperussia', '#vapeusastore', '#vapemanufacturer', '#vapevietnam', '#vapeuk', '#vapeeurope', '#vapeiraq', '#vapegermany', '#vapenewzealand', '#vapeaustralia', '#vapemexico', '#vapemalaysiacommunity', '#vapeindonesia', '#vapelife', '#vapers', '#vapeshop', '#vapedistributors', '#vapewholesalers', '#vapemexico', '#vapeindia', '#vapesouthafrica', '#vapefrance', '#cigar', '#ecigar']",[]
2023-02-25_10-10-10_UTC,2023-02-25 04:10:10,,14,2,"-
üÜÖüÖ∞üÖøüÖ¥üÖ∂üÖ∞üÖΩüÖ∂üÜÇüÜÉüÖ¥üÜÅ
OPEN: üåû11:00 CLOSE: üåö22:00
-
‚òæ #ÎßàÏÉ§
‚û™ #Î∏îÎûôÏÇ¨ÌååÏù¥Ïñ¥
-
ÏôÑÏ†Ñ Ï∞ê~Ìïú Ìè¨ÎèÑÏùò ÍøÄ Îßõ üíúüçáüçØü§§
-
‚ö†Ô∏è·Ñå·Ö•·Ü´ ·ÑÄ·ÖÆ·Ü® ·ÑÜ·ÖÆ ·ÑÖ·Ö≠ ·Ñê·Ö¢·Ü® ·Ñá·Ö¢üì¶
.
.
.
üè∑ @vapegangster_official
üö™ Offline shop ‚§µ ‚§µ ‚§µ

@vapegangster_ingye ·Ñâ·ÖÆ·Ñã·ÖØ·Ü´·Ñã·Öµ·Ü´·ÑÄ·Ö®Î≥∏·Ñå·Ö•·Ü∑
@vapegangster_gwanggyo ·Ñâ·ÖÆ·Ñã·ÖØ·Ü´·ÑÄ·Ö™·Üº·ÑÄ·Ö≠·Ñå·Ö•·Ü∑
@vapegangster_skku ·Ñâ·ÖÆ·Ñã·ÖØ·Ü´·Ñâ·Ö•·Üº·ÑÉ·Ö¢·Ñã·Öß·Ü®·Ñå·Ö•·Ü∑
@vapegangster_gj Í≤ΩÍ∏∞Í¥ëÏ£ºÏ†ê
@vapegangster_dandae ·Ñâ·Ö•·Üº·ÑÇ·Ö°·Ü∑·ÑÉ·Ö°·Ü´·ÑÉ·Ö¢·Ñã·Ö©·ÑÄ·Ö•·ÑÖ·Öµ·Ñå·Ö•·Ü∑
@vapegangster_ay ·Ñã·Ö°·Ü´·Ñã·Ö£·Üº·Ñã·Öµ·Ü´·ÑÉ·Ö•·Ü®·Ñã·ÖØ·Ü´·Ñå·Ö•·Ü∑
@vapegangster_ansan ·Ñã·Ö°·Ü´·Ñâ·Ö°·Ü´·Ñå·ÖÆ·Üº·Ñã·Ö°·Üº·Ñå·Ö•·Ü∑
@vapegangster_wirye ÏÑ±ÎÇ®ÏúÑÎ°ÄÏ†ê
@vapegangster_songdo Ïù∏Ï≤úÏÜ°ÎèÑÏ†ê
@vapegangster_ga Í≤ΩÍ∏∞Í¥ëÏ£º2Ìò∏Ï†ê
@vapegangster_byeongjeom ÌôîÏÑ±Î≥ëÏ†êÏ†ê
@vapegangster_gwanak Í¥ÄÏïÖÏ†ê
@vapegangster_js Ïû†Ïã§ÏÉàÎÇ¥Ï†ê
@vapegangster_mokdong ÏÑúÏö∏Î™©ÎèôÏ†ê
@vapegangster_hn ÌôîÏÑ±Ìñ•ÎÇ®Ï†ê","['#ÎßàÏÉ§', '#Î∏îÎûôÏÇ¨ÌååÏù¥Ïñ¥']","['@vapegangster_official', '@vapegangster_ingye', '@vapegangster_gwanggyo', '@vapegangster_skku', '@vapegangster_gj', '@vapegangster_dandae', '@vapegangster_ay', '@vapegangster_ansan', '@vapegangster_wirye', '@vapegangster_songdo', '@vapegangster_ga', '@vapegangster_byeongjeom', '@vapegangster_gwanak', '@vapegangster_js', '@vapegangster_mokdong', '@vapegangster_hn']"
2023-02-27_19-28-34_UTC,2023-02-27 13:28:34,Consult√≥rio Odontol√≥gico Dr. Sergio Correia,10,0,"Voc√™ deve saber o quanto um cigarro faz mal para a sa√∫de bucal, certo? Mas e os CIGARROS ELETR√îNICOS? 

Apesar de estar em alta, inclusive com uma proposta para aqueles que gostariam de deixar de fumar, o vape pode fazer TANTO OU MAIS MAL do que o cigarro tradicional! üòÆ

Saiba mais sobre o assunto no blog! 
https://www.clinicasergiocorreia.com.br/o-maleficio-do-cigarro-eletronico-para-a-saude-bucal/

E conta pra mim: voc√™ fuma ou j√° fumou? O que voc√™ fez para parar?

#cigarro #cigarroeletronico #vape #ecigar #maleficios #saudebucal #dentistacuritiba","['#cigarro', '#cigarroeletronico', '#vape', '#ecigar', '#maleficios', '#saudebucal', '#dentistacuritiba']",[]
